Algorithm,DataType,DataSize,Sortedness,Time(ns)
BubbleSortUntilNoChange,Integer,100,Random,419416
BubbleSortUntilNoChange,Integer,100,Random,286042
BubbleSortUntilNoChange,Integer,100,Random,283750
BubbleSortUntilNoChange,Integer,100,Random,283083
BubbleSortUntilNoChange,Integer,100,Random,285083
BubbleSortUntilNoChange,Integer,100,Random,283167
BubbleSortUntilNoChange,Integer,100,Random,285958
BubbleSortUntilNoChange,Integer,100,Random,194167
BubbleSortUntilNoChange,Integer,100,Random,86000
BubbleSortUntilNoChange,Integer,100,Random,66250
BubbleSortUntilNoChange,Integer,100,Reversed,82208
BubbleSortUntilNoChange,Integer,100,Reversed,84250
BubbleSortUntilNoChange,Integer,100,Reversed,75959
BubbleSortUntilNoChange,Integer,100,Reversed,76708
BubbleSortUntilNoChange,Integer,100,Reversed,76208
BubbleSortUntilNoChange,Integer,100,Reversed,75542
BubbleSortUntilNoChange,Integer,100,Reversed,75625
BubbleSortUntilNoChange,Integer,100,Reversed,75708
BubbleSortUntilNoChange,Integer,100,Reversed,75542
BubbleSortUntilNoChange,Integer,100,Reversed,75709
BubbleSortUntilNoChange,Integer,100,FirstKSorted,58709
BubbleSortUntilNoChange,Integer,100,FirstKSorted,52708
BubbleSortUntilNoChange,Integer,100,FirstKSorted,51917
BubbleSortUntilNoChange,Integer,100,FirstKSorted,51166
BubbleSortUntilNoChange,Integer,100,FirstKSorted,51291
BubbleSortUntilNoChange,Integer,100,FirstKSorted,51167
BubbleSortUntilNoChange,Integer,100,FirstKSorted,50792
BubbleSortUntilNoChange,Integer,100,FirstKSorted,51167
BubbleSortUntilNoChange,Integer,100,FirstKSorted,51334
BubbleSortUntilNoChange,Integer,100,FirstKSorted,50958
BubbleSortUntilNoChange,Integer,100,LastKSorted,29584
BubbleSortUntilNoChange,Integer,100,LastKSorted,28959
BubbleSortUntilNoChange,Integer,100,LastKSorted,27833
BubbleSortUntilNoChange,Integer,100,LastKSorted,28042
BubbleSortUntilNoChange,Integer,100,LastKSorted,27583
BubbleSortUntilNoChange,Integer,100,LastKSorted,27791
BubbleSortUntilNoChange,Integer,100,LastKSorted,27584
BubbleSortUntilNoChange,Integer,100,LastKSorted,30500
BubbleSortUntilNoChange,Integer,100,LastKSorted,29125
BubbleSortUntilNoChange,Integer,100,LastKSorted,122209
BubbleSortUntilNoChange,Integer,1000,Random,9068917
BubbleSortUntilNoChange,Integer,1000,Random,1913667
BubbleSortUntilNoChange,Integer,1000,Random,1877000
BubbleSortUntilNoChange,Integer,1000,Random,1878833
BubbleSortUntilNoChange,Integer,1000,Random,1884292
BubbleSortUntilNoChange,Integer,1000,Random,1874375
BubbleSortUntilNoChange,Integer,1000,Random,1681916
BubbleSortUntilNoChange,Integer,1000,Random,1534250
BubbleSortUntilNoChange,Integer,1000,Random,1591000
BubbleSortUntilNoChange,Integer,1000,Random,1646917
BubbleSortUntilNoChange,Integer,1000,Reversed,1941542
BubbleSortUntilNoChange,Integer,1000,Reversed,1954625
BubbleSortUntilNoChange,Integer,1000,Reversed,1938292
BubbleSortUntilNoChange,Integer,1000,Reversed,1940958
BubbleSortUntilNoChange,Integer,1000,Reversed,1937416
BubbleSortUntilNoChange,Integer,1000,Reversed,2117500
BubbleSortUntilNoChange,Integer,1000,Reversed,1908375
BubbleSortUntilNoChange,Integer,1000,Reversed,1861459
BubbleSortUntilNoChange,Integer,1000,Reversed,1858584
BubbleSortUntilNoChange,Integer,1000,Reversed,1897625
BubbleSortUntilNoChange,Integer,1000,FirstKSorted,1434500
BubbleSortUntilNoChange,Integer,1000,FirstKSorted,1398708
BubbleSortUntilNoChange,Integer,1000,FirstKSorted,1422958
BubbleSortUntilNoChange,Integer,1000,FirstKSorted,1447875
BubbleSortUntilNoChange,Integer,1000,FirstKSorted,1490292
BubbleSortUntilNoChange,Integer,1000,FirstKSorted,1655167
BubbleSortUntilNoChange,Integer,1000,FirstKSorted,1335875
BubbleSortUntilNoChange,Integer,1000,FirstKSorted,1372375
BubbleSortUntilNoChange,Integer,1000,FirstKSorted,1318042
BubbleSortUntilNoChange,Integer,1000,FirstKSorted,1314625
BubbleSortUntilNoChange,Integer,1000,LastKSorted,854375
BubbleSortUntilNoChange,Integer,1000,LastKSorted,829625
BubbleSortUntilNoChange,Integer,1000,LastKSorted,812708
BubbleSortUntilNoChange,Integer,1000,LastKSorted,808125
BubbleSortUntilNoChange,Integer,1000,LastKSorted,806958
BubbleSortUntilNoChange,Integer,1000,LastKSorted,828167
BubbleSortUntilNoChange,Integer,1000,LastKSorted,827667
BubbleSortUntilNoChange,Integer,1000,LastKSorted,847000
BubbleSortUntilNoChange,Integer,1000,LastKSorted,841209
BubbleSortUntilNoChange,Integer,1000,LastKSorted,880625
BubbleSortUntilNoChange,Integer,10000,Random,164468166
BubbleSortUntilNoChange,Integer,10000,Random,163226791
BubbleSortUntilNoChange,Integer,10000,Random,165792333
BubbleSortUntilNoChange,Integer,10000,Random,162496584
BubbleSortUntilNoChange,Integer,10000,Random,161238458
BubbleSortUntilNoChange,Integer,10000,Random,161369833
BubbleSortUntilNoChange,Integer,10000,Random,161980875
BubbleSortUntilNoChange,Integer,10000,Random,160181792
BubbleSortUntilNoChange,Integer,10000,Random,160581167
BubbleSortUntilNoChange,Integer,10000,Random,160266375
BubbleSortUntilNoChange,Integer,10000,Reversed,180569792
BubbleSortUntilNoChange,Integer,10000,Reversed,179742417
BubbleSortUntilNoChange,Integer,10000,Reversed,181571750
BubbleSortUntilNoChange,Integer,10000,Reversed,179470542
BubbleSortUntilNoChange,Integer,10000,Reversed,180177375
BubbleSortUntilNoChange,Integer,10000,Reversed,179711750
BubbleSortUntilNoChange,Integer,10000,Reversed,178534084
BubbleSortUntilNoChange,Integer,10000,Reversed,180833250
BubbleSortUntilNoChange,Integer,10000,Reversed,178736875
BubbleSortUntilNoChange,Integer,10000,Reversed,178555334
BubbleSortUntilNoChange,Integer,10000,FirstKSorted,142950125
BubbleSortUntilNoChange,Integer,10000,FirstKSorted,140599208
BubbleSortUntilNoChange,Integer,10000,FirstKSorted,141669959
BubbleSortUntilNoChange,Integer,10000,FirstKSorted,142047042
BubbleSortUntilNoChange,Integer,10000,FirstKSorted,142078625
BubbleSortUntilNoChange,Integer,10000,FirstKSorted,153294875
BubbleSortUntilNoChange,Integer,10000,FirstKSorted,146451208
BubbleSortUntilNoChange,Integer,10000,FirstKSorted,144125458
BubbleSortUntilNoChange,Integer,10000,FirstKSorted,142839542
BubbleSortUntilNoChange,Integer,10000,FirstKSorted,141937042
BubbleSortUntilNoChange,Integer,10000,LastKSorted,84140875
BubbleSortUntilNoChange,Integer,10000,LastKSorted,82566167
BubbleSortUntilNoChange,Integer,10000,LastKSorted,82425791
BubbleSortUntilNoChange,Integer,10000,LastKSorted,82049625
BubbleSortUntilNoChange,Integer,10000,LastKSorted,82483042
BubbleSortUntilNoChange,Integer,10000,LastKSorted,82411500
BubbleSortUntilNoChange,Integer,10000,LastKSorted,82701208
BubbleSortUntilNoChange,Integer,10000,LastKSorted,82049292
BubbleSortUntilNoChange,Integer,10000,LastKSorted,91011041
BubbleSortUntilNoChange,Integer,10000,LastKSorted,90192542
BubbleSortUntilNoChange,Long,100,Random,494750
BubbleSortUntilNoChange,Long,100,Random,320042
BubbleSortUntilNoChange,Long,100,Random,310417
BubbleSortUntilNoChange,Long,100,Random,310083
BubbleSortUntilNoChange,Long,100,Random,310208
BubbleSortUntilNoChange,Long,100,Random,310625
BubbleSortUntilNoChange,Long,100,Random,318625
BubbleSortUntilNoChange,Long,100,Random,316459
BubbleSortUntilNoChange,Long,100,Random,318167
BubbleSortUntilNoChange,Long,100,Random,331125
BubbleSortUntilNoChange,Long,100,Reversed,37584
BubbleSortUntilNoChange,Long,100,Reversed,81708
BubbleSortUntilNoChange,Long,100,Reversed,77292
BubbleSortUntilNoChange,Long,100,Reversed,72792
BubbleSortUntilNoChange,Long,100,Reversed,72208
BubbleSortUntilNoChange,Long,100,Reversed,72084
BubbleSortUntilNoChange,Long,100,Reversed,72125
BubbleSortUntilNoChange,Long,100,Reversed,72167
BubbleSortUntilNoChange,Long,100,Reversed,72041
BubbleSortUntilNoChange,Long,100,Reversed,72167
BubbleSortUntilNoChange,Long,100,FirstKSorted,60625
BubbleSortUntilNoChange,Long,100,FirstKSorted,58750
BubbleSortUntilNoChange,Long,100,FirstKSorted,105541
BubbleSortUntilNoChange,Long,100,FirstKSorted,57875
BubbleSortUntilNoChange,Long,100,FirstKSorted,65167
BubbleSortUntilNoChange,Long,100,FirstKSorted,97875
BubbleSortUntilNoChange,Long,100,FirstKSorted,59209
BubbleSortUntilNoChange,Long,100,FirstKSorted,58292
BubbleSortUntilNoChange,Long,100,FirstKSorted,57959
BubbleSortUntilNoChange,Long,100,FirstKSorted,57959
BubbleSortUntilNoChange,Long,100,LastKSorted,57750
BubbleSortUntilNoChange,Long,100,LastKSorted,57875
BubbleSortUntilNoChange,Long,100,LastKSorted,56417
BubbleSortUntilNoChange,Long,100,LastKSorted,56084
BubbleSortUntilNoChange,Long,100,LastKSorted,55875
BubbleSortUntilNoChange,Long,100,LastKSorted,55792
BubbleSortUntilNoChange,Long,100,LastKSorted,55792
BubbleSortUntilNoChange,Long,100,LastKSorted,55791
BubbleSortUntilNoChange,Long,100,LastKSorted,56083
BubbleSortUntilNoChange,Long,100,LastKSorted,55875
BubbleSortUntilNoChange,Long,1000,Random,2579042
BubbleSortUntilNoChange,Long,1000,Random,2187667
BubbleSortUntilNoChange,Long,1000,Random,2398542
BubbleSortUntilNoChange,Long,1000,Random,2272667
BubbleSortUntilNoChange,Long,1000,Random,2215500
BubbleSortUntilNoChange,Long,1000,Random,2169917
BubbleSortUntilNoChange,Long,1000,Random,2174042
BubbleSortUntilNoChange,Long,1000,Random,2189542
BubbleSortUntilNoChange,Long,1000,Random,2181000
BubbleSortUntilNoChange,Long,1000,Random,2259958
BubbleSortUntilNoChange,Long,1000,Reversed,2331250
BubbleSortUntilNoChange,Long,1000,Reversed,2293916
BubbleSortUntilNoChange,Long,1000,Reversed,2366833
BubbleSortUntilNoChange,Long,1000,Reversed,2307417
BubbleSortUntilNoChange,Long,1000,Reversed,2297125
BubbleSortUntilNoChange,Long,1000,Reversed,2301709
BubbleSortUntilNoChange,Long,1000,Reversed,2305792
BubbleSortUntilNoChange,Long,1000,Reversed,2483166
BubbleSortUntilNoChange,Long,1000,Reversed,2290125
BubbleSortUntilNoChange,Long,1000,Reversed,2293584
BubbleSortUntilNoChange,Long,1000,FirstKSorted,2016583
BubbleSortUntilNoChange,Long,1000,FirstKSorted,2033792
BubbleSortUntilNoChange,Long,1000,FirstKSorted,2018417
BubbleSortUntilNoChange,Long,1000,FirstKSorted,2079542
BubbleSortUntilNoChange,Long,1000,FirstKSorted,2071458
BubbleSortUntilNoChange,Long,1000,FirstKSorted,2180458
BubbleSortUntilNoChange,Long,1000,FirstKSorted,2027792
BubbleSortUntilNoChange,Long,1000,FirstKSorted,2024584
BubbleSortUntilNoChange,Long,1000,FirstKSorted,2016542
BubbleSortUntilNoChange,Long,1000,FirstKSorted,2010208
BubbleSortUntilNoChange,Long,1000,LastKSorted,1126542
BubbleSortUntilNoChange,Long,1000,LastKSorted,1125250
BubbleSortUntilNoChange,Long,1000,LastKSorted,1133209
BubbleSortUntilNoChange,Long,1000,LastKSorted,1115875
BubbleSortUntilNoChange,Long,1000,LastKSorted,1194875
BubbleSortUntilNoChange,Long,1000,LastKSorted,1151416
BubbleSortUntilNoChange,Long,1000,LastKSorted,1130459
BubbleSortUntilNoChange,Long,1000,LastKSorted,1110708
BubbleSortUntilNoChange,Long,1000,LastKSorted,1109000
BubbleSortUntilNoChange,Long,1000,LastKSorted,1110125
BubbleSortUntilNoChange,Long,10000,Random,277217042
BubbleSortUntilNoChange,Long,10000,Random,275958041
BubbleSortUntilNoChange,Long,10000,Random,276845000
BubbleSortUntilNoChange,Long,10000,Random,277372500
BubbleSortUntilNoChange,Long,10000,Random,279206292
BubbleSortUntilNoChange,Long,10000,Random,281791167
BubbleSortUntilNoChange,Long,10000,Random,276211375
BubbleSortUntilNoChange,Long,10000,Random,274893625
BubbleSortUntilNoChange,Long,10000,Random,279334167
BubbleSortUntilNoChange,Long,10000,Random,276943875
BubbleSortUntilNoChange,Long,10000,Reversed,230690625
BubbleSortUntilNoChange,Long,10000,Reversed,229953083
BubbleSortUntilNoChange,Long,10000,Reversed,231666666
BubbleSortUntilNoChange,Long,10000,Reversed,230217500
BubbleSortUntilNoChange,Long,10000,Reversed,232353791
BubbleSortUntilNoChange,Long,10000,Reversed,232733625
BubbleSortUntilNoChange,Long,10000,Reversed,231617416
BubbleSortUntilNoChange,Long,10000,Reversed,233106333
BubbleSortUntilNoChange,Long,10000,Reversed,236826166
BubbleSortUntilNoChange,Long,10000,Reversed,230592125
BubbleSortUntilNoChange,Long,10000,FirstKSorted,255966750
BubbleSortUntilNoChange,Long,10000,FirstKSorted,246755750
BubbleSortUntilNoChange,Long,10000,FirstKSorted,258736542
BubbleSortUntilNoChange,Long,10000,FirstKSorted,250300042
BubbleSortUntilNoChange,Long,10000,FirstKSorted,241361542
BubbleSortUntilNoChange,Long,10000,FirstKSorted,239497625
BubbleSortUntilNoChange,Long,10000,FirstKSorted,240093375
BubbleSortUntilNoChange,Long,10000,FirstKSorted,253033208
BubbleSortUntilNoChange,Long,10000,FirstKSorted,241906333
BubbleSortUntilNoChange,Long,10000,FirstKSorted,251461917
BubbleSortUntilNoChange,Long,10000,LastKSorted,130353083
BubbleSortUntilNoChange,Long,10000,LastKSorted,129801959
BubbleSortUntilNoChange,Long,10000,LastKSorted,129049666
BubbleSortUntilNoChange,Long,10000,LastKSorted,131513875
BubbleSortUntilNoChange,Long,10000,LastKSorted,131107083
BubbleSortUntilNoChange,Long,10000,LastKSorted,130012917
BubbleSortUntilNoChange,Long,10000,LastKSorted,129945334
BubbleSortUntilNoChange,Long,10000,LastKSorted,131349000
BubbleSortUntilNoChange,Long,10000,LastKSorted,129104958
BubbleSortUntilNoChange,Long,10000,LastKSorted,129252250
BubbleSortUntilNoChange,Float,100,Random,529250
BubbleSortUntilNoChange,Float,100,Random,144209
BubbleSortUntilNoChange,Float,100,Random,123125
BubbleSortUntilNoChange,Float,100,Random,85625
BubbleSortUntilNoChange,Float,100,Random,64500
BubbleSortUntilNoChange,Float,100,Random,63875
BubbleSortUntilNoChange,Float,100,Random,67167
BubbleSortUntilNoChange,Float,100,Random,66125
BubbleSortUntilNoChange,Float,100,Random,67167
BubbleSortUntilNoChange,Float,100,Random,66667
BubbleSortUntilNoChange,Float,100,Reversed,79417
BubbleSortUntilNoChange,Float,100,Reversed,77083
BubbleSortUntilNoChange,Float,100,Reversed,79125
BubbleSortUntilNoChange,Float,100,Reversed,76167
BubbleSortUntilNoChange,Float,100,Reversed,76209
BubbleSortUntilNoChange,Float,100,Reversed,79084
BubbleSortUntilNoChange,Float,100,Reversed,79125
BubbleSortUntilNoChange,Float,100,Reversed,79042
BubbleSortUntilNoChange,Float,100,Reversed,79083
BubbleSortUntilNoChange,Float,100,Reversed,79042
BubbleSortUntilNoChange,Float,100,FirstKSorted,70458
BubbleSortUntilNoChange,Float,100,FirstKSorted,70125
BubbleSortUntilNoChange,Float,100,FirstKSorted,70250
BubbleSortUntilNoChange,Float,100,FirstKSorted,69958
BubbleSortUntilNoChange,Float,100,FirstKSorted,73542
BubbleSortUntilNoChange,Float,100,FirstKSorted,67542
BubbleSortUntilNoChange,Float,100,FirstKSorted,67417
BubbleSortUntilNoChange,Float,100,FirstKSorted,67459
BubbleSortUntilNoChange,Float,100,FirstKSorted,67250
BubbleSortUntilNoChange,Float,100,FirstKSorted,67667
BubbleSortUntilNoChange,Float,100,LastKSorted,30875
BubbleSortUntilNoChange,Float,100,LastKSorted,32208
BubbleSortUntilNoChange,Float,100,LastKSorted,30208
BubbleSortUntilNoChange,Float,100,LastKSorted,29458
BubbleSortUntilNoChange,Float,100,LastKSorted,29417
BubbleSortUntilNoChange,Float,100,LastKSorted,29583
BubbleSortUntilNoChange,Float,100,LastKSorted,29334
BubbleSortUntilNoChange,Float,100,LastKSorted,29625
BubbleSortUntilNoChange,Float,100,LastKSorted,29416
BubbleSortUntilNoChange,Float,100,LastKSorted,29708
BubbleSortUntilNoChange,Float,1000,Random,4532459
BubbleSortUntilNoChange,Float,1000,Random,4142166
BubbleSortUntilNoChange,Float,1000,Random,4178250
BubbleSortUntilNoChange,Float,1000,Random,3917167
BubbleSortUntilNoChange,Float,1000,Random,3927375
BubbleSortUntilNoChange,Float,1000,Random,3934917
BubbleSortUntilNoChange,Float,1000,Random,3987459
BubbleSortUntilNoChange,Float,1000,Random,3872041
BubbleSortUntilNoChange,Float,1000,Random,3877042
BubbleSortUntilNoChange,Float,1000,Random,3896500
BubbleSortUntilNoChange,Float,1000,Reversed,3423459
BubbleSortUntilNoChange,Float,1000,Reversed,3435417
BubbleSortUntilNoChange,Float,1000,Reversed,3336958
BubbleSortUntilNoChange,Float,1000,Reversed,3428625
BubbleSortUntilNoChange,Float,1000,Reversed,3382125
BubbleSortUntilNoChange,Float,1000,Reversed,3418583
BubbleSortUntilNoChange,Float,1000,Reversed,3545709
BubbleSortUntilNoChange,Float,1000,Reversed,3326541
BubbleSortUntilNoChange,Float,1000,Reversed,3322042
BubbleSortUntilNoChange,Float,1000,Reversed,3349000
BubbleSortUntilNoChange,Float,1000,FirstKSorted,3288541
BubbleSortUntilNoChange,Float,1000,FirstKSorted,3148917
BubbleSortUntilNoChange,Float,1000,FirstKSorted,3614834
BubbleSortUntilNoChange,Float,1000,FirstKSorted,3163708
BubbleSortUntilNoChange,Float,1000,FirstKSorted,3220666
BubbleSortUntilNoChange,Float,1000,FirstKSorted,3237792
BubbleSortUntilNoChange,Float,1000,FirstKSorted,3319417
BubbleSortUntilNoChange,Float,1000,FirstKSorted,3170375
BubbleSortUntilNoChange,Float,1000,FirstKSorted,3304459
BubbleSortUntilNoChange,Float,1000,FirstKSorted,3255875
BubbleSortUntilNoChange,Float,1000,LastKSorted,1470833
BubbleSortUntilNoChange,Float,1000,LastKSorted,1472542
BubbleSortUntilNoChange,Float,1000,LastKSorted,1614166
BubbleSortUntilNoChange,Float,1000,LastKSorted,1444916
BubbleSortUntilNoChange,Float,1000,LastKSorted,1495208
BubbleSortUntilNoChange,Float,1000,LastKSorted,1444167
BubbleSortUntilNoChange,Float,1000,LastKSorted,1447959
BubbleSortUntilNoChange,Float,1000,LastKSorted,1434208
BubbleSortUntilNoChange,Float,1000,LastKSorted,1501625
BubbleSortUntilNoChange,Float,1000,LastKSorted,1445125
BubbleSortUntilNoChange,Float,10000,Random,414353250
BubbleSortUntilNoChange,Float,10000,Random,405444125
BubbleSortUntilNoChange,Float,10000,Random,405200792
BubbleSortUntilNoChange,Float,10000,Random,406241458
BubbleSortUntilNoChange,Float,10000,Random,405036375
BubbleSortUntilNoChange,Float,10000,Random,409798042
BubbleSortUntilNoChange,Float,10000,Random,411425584
BubbleSortUntilNoChange,Float,10000,Random,404814333
BubbleSortUntilNoChange,Float,10000,Random,405180959
BubbleSortUntilNoChange,Float,10000,Random,404383375
BubbleSortUntilNoChange,Float,10000,Reversed,370688250
BubbleSortUntilNoChange,Float,10000,Reversed,370772250
BubbleSortUntilNoChange,Float,10000,Reversed,371726167
BubbleSortUntilNoChange,Float,10000,Reversed,373529667
BubbleSortUntilNoChange,Float,10000,Reversed,377354459
BubbleSortUntilNoChange,Float,10000,Reversed,372288500
BubbleSortUntilNoChange,Float,10000,Reversed,371467083
BubbleSortUntilNoChange,Float,10000,Reversed,372822583
BubbleSortUntilNoChange,Float,10000,Reversed,372432083
BubbleSortUntilNoChange,Float,10000,Reversed,372555666
BubbleSortUntilNoChange,Float,10000,FirstKSorted,327364833
BubbleSortUntilNoChange,Float,10000,FirstKSorted,328568875
BubbleSortUntilNoChange,Float,10000,FirstKSorted,329284542
BubbleSortUntilNoChange,Float,10000,FirstKSorted,329471250
BubbleSortUntilNoChange,Float,10000,FirstKSorted,328905625
BubbleSortUntilNoChange,Float,10000,FirstKSorted,329341292
BubbleSortUntilNoChange,Float,10000,FirstKSorted,330318042
BubbleSortUntilNoChange,Float,10000,FirstKSorted,327509542
BubbleSortUntilNoChange,Float,10000,FirstKSorted,328600708
BubbleSortUntilNoChange,Float,10000,FirstKSorted,333722416
BubbleSortUntilNoChange,Float,10000,LastKSorted,160966125
BubbleSortUntilNoChange,Float,10000,LastKSorted,157918208
BubbleSortUntilNoChange,Float,10000,LastKSorted,158213250
BubbleSortUntilNoChange,Float,10000,LastKSorted,159071708
BubbleSortUntilNoChange,Float,10000,LastKSorted,157991125
BubbleSortUntilNoChange,Float,10000,LastKSorted,158143583
BubbleSortUntilNoChange,Float,10000,LastKSorted,157942875
BubbleSortUntilNoChange,Float,10000,LastKSorted,158318416
BubbleSortUntilNoChange,Float,10000,LastKSorted,158793750
BubbleSortUntilNoChange,Float,10000,LastKSorted,157495958
BubbleSortUntilNoChange,Double,100,Random,390625
BubbleSortUntilNoChange,Double,100,Random,80792
BubbleSortUntilNoChange,Double,100,Random,80333
BubbleSortUntilNoChange,Double,100,Random,80375
BubbleSortUntilNoChange,Double,100,Random,80208
BubbleSortUntilNoChange,Double,100,Random,51583
BubbleSortUntilNoChange,Double,100,Random,37625
BubbleSortUntilNoChange,Double,100,Random,35916
BubbleSortUntilNoChange,Double,100,Random,35666
BubbleSortUntilNoChange,Double,100,Random,34750
BubbleSortUntilNoChange,Double,100,Reversed,40750
BubbleSortUntilNoChange,Double,100,Reversed,38916
BubbleSortUntilNoChange,Double,100,Reversed,37250
BubbleSortUntilNoChange,Double,100,Reversed,37167
BubbleSortUntilNoChange,Double,100,Reversed,37209
BubbleSortUntilNoChange,Double,100,Reversed,37209
BubbleSortUntilNoChange,Double,100,Reversed,37208
BubbleSortUntilNoChange,Double,100,Reversed,37125
BubbleSortUntilNoChange,Double,100,Reversed,37166
BubbleSortUntilNoChange,Double,100,Reversed,37250
BubbleSortUntilNoChange,Double,100,FirstKSorted,36209
BubbleSortUntilNoChange,Double,100,FirstKSorted,34500
BubbleSortUntilNoChange,Double,100,FirstKSorted,32792
BubbleSortUntilNoChange,Double,100,FirstKSorted,32958
BubbleSortUntilNoChange,Double,100,FirstKSorted,33875
BubbleSortUntilNoChange,Double,100,FirstKSorted,33459
BubbleSortUntilNoChange,Double,100,FirstKSorted,33458
BubbleSortUntilNoChange,Double,100,FirstKSorted,32542
BubbleSortUntilNoChange,Double,100,FirstKSorted,32125
BubbleSortUntilNoChange,Double,100,FirstKSorted,32125
BubbleSortUntilNoChange,Double,100,LastKSorted,18041
BubbleSortUntilNoChange,Double,100,LastKSorted,17083
BubbleSortUntilNoChange,Double,100,LastKSorted,16625
BubbleSortUntilNoChange,Double,100,LastKSorted,16666
BubbleSortUntilNoChange,Double,100,LastKSorted,15583
BubbleSortUntilNoChange,Double,100,LastKSorted,15625
BubbleSortUntilNoChange,Double,100,LastKSorted,15500
BubbleSortUntilNoChange,Double,100,LastKSorted,15625
BubbleSortUntilNoChange,Double,100,LastKSorted,15500
BubbleSortUntilNoChange,Double,100,LastKSorted,15416
BubbleSortUntilNoChange,Double,1000,Random,3753833
BubbleSortUntilNoChange,Double,1000,Random,3871833
BubbleSortUntilNoChange,Double,1000,Random,4054792
BubbleSortUntilNoChange,Double,1000,Random,3634083
BubbleSortUntilNoChange,Double,1000,Random,3697209
BubbleSortUntilNoChange,Double,1000,Random,3856125
BubbleSortUntilNoChange,Double,1000,Random,3684916
BubbleSortUntilNoChange,Double,1000,Random,3631708
BubbleSortUntilNoChange,Double,1000,Random,3578542
BubbleSortUntilNoChange,Double,1000,Random,3656750
BubbleSortUntilNoChange,Double,1000,Reversed,3653709
BubbleSortUntilNoChange,Double,1000,Reversed,3531042
BubbleSortUntilNoChange,Double,1000,Reversed,3585709
BubbleSortUntilNoChange,Double,1000,Reversed,3561166
BubbleSortUntilNoChange,Double,1000,Reversed,3617041
BubbleSortUntilNoChange,Double,1000,Reversed,3875292
BubbleSortUntilNoChange,Double,1000,Reversed,3559542
BubbleSortUntilNoChange,Double,1000,Reversed,3530875
BubbleSortUntilNoChange,Double,1000,Reversed,3536917
BubbleSortUntilNoChange,Double,1000,Reversed,3743125
BubbleSortUntilNoChange,Double,1000,FirstKSorted,3360458
BubbleSortUntilNoChange,Double,1000,FirstKSorted,3370500
BubbleSortUntilNoChange,Double,1000,FirstKSorted,3430042
BubbleSortUntilNoChange,Double,1000,FirstKSorted,3409708
BubbleSortUntilNoChange,Double,1000,FirstKSorted,3609791
BubbleSortUntilNoChange,Double,1000,FirstKSorted,3455792
BubbleSortUntilNoChange,Double,1000,FirstKSorted,3361125
BubbleSortUntilNoChange,Double,1000,FirstKSorted,3410833
BubbleSortUntilNoChange,Double,1000,FirstKSorted,3397125
BubbleSortUntilNoChange,Double,1000,FirstKSorted,3478167
BubbleSortUntilNoChange,Double,1000,LastKSorted,1545500
BubbleSortUntilNoChange,Double,1000,LastKSorted,1538834
BubbleSortUntilNoChange,Double,1000,LastKSorted,1549917
BubbleSortUntilNoChange,Double,1000,LastKSorted,1523084
BubbleSortUntilNoChange,Double,1000,LastKSorted,1590209
BubbleSortUntilNoChange,Double,1000,LastKSorted,1537958
BubbleSortUntilNoChange,Double,1000,LastKSorted,1554250
BubbleSortUntilNoChange,Double,1000,LastKSorted,1559000
BubbleSortUntilNoChange,Double,1000,LastKSorted,1631458
BubbleSortUntilNoChange,Double,1000,LastKSorted,1594292
BubbleSortUntilNoChange,Double,10000,Random,463481167
BubbleSortUntilNoChange,Double,10000,Random,426252917
BubbleSortUntilNoChange,Double,10000,Random,431636458
BubbleSortUntilNoChange,Double,10000,Random,430400125
BubbleSortUntilNoChange,Double,10000,Random,427293833
BubbleSortUntilNoChange,Double,10000,Random,432348250
BubbleSortUntilNoChange,Double,10000,Random,438589417
BubbleSortUntilNoChange,Double,10000,Random,432168333
BubbleSortUntilNoChange,Double,10000,Random,426864583
BubbleSortUntilNoChange,Double,10000,Random,428261000
BubbleSortUntilNoChange,Double,10000,Reversed,338826750
BubbleSortUntilNoChange,Double,10000,Reversed,340064792
BubbleSortUntilNoChange,Double,10000,Reversed,339935375
BubbleSortUntilNoChange,Double,10000,Reversed,339967541
BubbleSortUntilNoChange,Double,10000,Reversed,343524792
BubbleSortUntilNoChange,Double,10000,Reversed,340140916
BubbleSortUntilNoChange,Double,10000,Reversed,371995125
BubbleSortUntilNoChange,Double,10000,Reversed,373875083
BubbleSortUntilNoChange,Double,10000,Reversed,372834125
BubbleSortUntilNoChange,Double,10000,Reversed,372341750
BubbleSortUntilNoChange,Double,10000,FirstKSorted,380030958
BubbleSortUntilNoChange,Double,10000,FirstKSorted,366121542
BubbleSortUntilNoChange,Double,10000,FirstKSorted,335762750
BubbleSortUntilNoChange,Double,10000,FirstKSorted,335252250
BubbleSortUntilNoChange,Double,10000,FirstKSorted,335429250
BubbleSortUntilNoChange,Double,10000,FirstKSorted,334895792
BubbleSortUntilNoChange,Double,10000,FirstKSorted,332079959
BubbleSortUntilNoChange,Double,10000,FirstKSorted,336080750
BubbleSortUntilNoChange,Double,10000,FirstKSorted,331304584
BubbleSortUntilNoChange,Double,10000,FirstKSorted,334335042
BubbleSortUntilNoChange,Double,10000,LastKSorted,165206083
BubbleSortUntilNoChange,Double,10000,LastKSorted,166543625
BubbleSortUntilNoChange,Double,10000,LastKSorted,164388000
BubbleSortUntilNoChange,Double,10000,LastKSorted,163110042
BubbleSortUntilNoChange,Double,10000,LastKSorted,162097166
BubbleSortUntilNoChange,Double,10000,LastKSorted,162403291
BubbleSortUntilNoChange,Double,10000,LastKSorted,162069958
BubbleSortUntilNoChange,Double,10000,LastKSorted,161818917
BubbleSortUntilNoChange,Double,10000,LastKSorted,161328375
BubbleSortUntilNoChange,Double,10000,LastKSorted,165987709
BubbleSortWhileNeeded,Integer,100,Random,211083
BubbleSortWhileNeeded,Integer,100,Random,177084
BubbleSortWhileNeeded,Integer,100,Random,176625
BubbleSortWhileNeeded,Integer,100,Random,176708
BubbleSortWhileNeeded,Integer,100,Random,176875
BubbleSortWhileNeeded,Integer,100,Random,176750
BubbleSortWhileNeeded,Integer,100,Random,176875
BubbleSortWhileNeeded,Integer,100,Random,176375
BubbleSortWhileNeeded,Integer,100,Random,176792
BubbleSortWhileNeeded,Integer,100,Random,176750
BubbleSortWhileNeeded,Integer,100,Reversed,223042
BubbleSortWhileNeeded,Integer,100,Reversed,215375
BubbleSortWhileNeeded,Integer,100,Reversed,226167
BubbleSortWhileNeeded,Integer,100,Reversed,76417
BubbleSortWhileNeeded,Integer,100,Reversed,67250
BubbleSortWhileNeeded,Integer,100,Reversed,69791
BubbleSortWhileNeeded,Integer,100,Reversed,53666
BubbleSortWhileNeeded,Integer,100,Reversed,50917
BubbleSortWhileNeeded,Integer,100,Reversed,50625
BubbleSortWhileNeeded,Integer,100,Reversed,50583
BubbleSortWhileNeeded,Integer,100,FirstKSorted,64708
BubbleSortWhileNeeded,Integer,100,FirstKSorted,37000
BubbleSortWhileNeeded,Integer,100,FirstKSorted,37167
BubbleSortWhileNeeded,Integer,100,FirstKSorted,35291
BubbleSortWhileNeeded,Integer,100,FirstKSorted,34834
BubbleSortWhileNeeded,Integer,100,FirstKSorted,34333
BubbleSortWhileNeeded,Integer,100,FirstKSorted,34542
BubbleSortWhileNeeded,Integer,100,FirstKSorted,33584
BubbleSortWhileNeeded,Integer,100,FirstKSorted,33708
BubbleSortWhileNeeded,Integer,100,FirstKSorted,33459
BubbleSortWhileNeeded,Integer,100,LastKSorted,25917
BubbleSortWhileNeeded,Integer,100,LastKSorted,24667
BubbleSortWhileNeeded,Integer,100,LastKSorted,24250
BubbleSortWhileNeeded,Integer,100,LastKSorted,23958
BubbleSortWhileNeeded,Integer,100,LastKSorted,23208
BubbleSortWhileNeeded,Integer,100,LastKSorted,23167
BubbleSortWhileNeeded,Integer,100,LastKSorted,23584
BubbleSortWhileNeeded,Integer,100,LastKSorted,23209
BubbleSortWhileNeeded,Integer,100,LastKSorted,23167
BubbleSortWhileNeeded,Integer,100,LastKSorted,23292
BubbleSortWhileNeeded,Integer,1000,Random,11191916
BubbleSortWhileNeeded,Integer,1000,Random,1199791
BubbleSortWhileNeeded,Integer,1000,Random,1287667
BubbleSortWhileNeeded,Integer,1000,Random,1160250
BubbleSortWhileNeeded,Integer,1000,Random,1172833
BubbleSortWhileNeeded,Integer,1000,Random,1153708
BubbleSortWhileNeeded,Integer,1000,Random,1140708
BubbleSortWhileNeeded,Integer,1000,Random,983292
BubbleSortWhileNeeded,Integer,1000,Random,987042
BubbleSortWhileNeeded,Integer,1000,Random,984000
BubbleSortWhileNeeded,Integer,1000,Reversed,1228625
BubbleSortWhileNeeded,Integer,1000,Reversed,1214583
BubbleSortWhileNeeded,Integer,1000,Reversed,1223916
BubbleSortWhileNeeded,Integer,1000,Reversed,1225791
BubbleSortWhileNeeded,Integer,1000,Reversed,1214208
BubbleSortWhileNeeded,Integer,1000,Reversed,1307042
BubbleSortWhileNeeded,Integer,1000,Reversed,1347541
BubbleSortWhileNeeded,Integer,1000,Reversed,1254167
BubbleSortWhileNeeded,Integer,1000,Reversed,1243042
BubbleSortWhileNeeded,Integer,1000,Reversed,1217083
BubbleSortWhileNeeded,Integer,1000,FirstKSorted,889917
BubbleSortWhileNeeded,Integer,1000,FirstKSorted,864917
BubbleSortWhileNeeded,Integer,1000,FirstKSorted,884750
BubbleSortWhileNeeded,Integer,1000,FirstKSorted,855417
BubbleSortWhileNeeded,Integer,1000,FirstKSorted,858792
BubbleSortWhileNeeded,Integer,1000,FirstKSorted,853209
BubbleSortWhileNeeded,Integer,1000,FirstKSorted,858917
BubbleSortWhileNeeded,Integer,1000,FirstKSorted,914666
BubbleSortWhileNeeded,Integer,1000,FirstKSorted,899709
BubbleSortWhileNeeded,Integer,1000,FirstKSorted,859167
BubbleSortWhileNeeded,Integer,1000,LastKSorted,563667
BubbleSortWhileNeeded,Integer,1000,LastKSorted,549959
BubbleSortWhileNeeded,Integer,1000,LastKSorted,568583
BubbleSortWhileNeeded,Integer,1000,LastKSorted,542458
BubbleSortWhileNeeded,Integer,1000,LastKSorted,572208
BubbleSortWhileNeeded,Integer,1000,LastKSorted,554500
BubbleSortWhileNeeded,Integer,1000,LastKSorted,549500
BubbleSortWhileNeeded,Integer,1000,LastKSorted,735667
BubbleSortWhileNeeded,Integer,1000,LastKSorted,582500
BubbleSortWhileNeeded,Integer,1000,LastKSorted,565250
BubbleSortWhileNeeded,Integer,10000,Random,112929125
BubbleSortWhileNeeded,Integer,10000,Random,112642916
BubbleSortWhileNeeded,Integer,10000,Random,112013292
BubbleSortWhileNeeded,Integer,10000,Random,112152875
BubbleSortWhileNeeded,Integer,10000,Random,100333750
BubbleSortWhileNeeded,Integer,10000,Random,99483083
BubbleSortWhileNeeded,Integer,10000,Random,100201042
BubbleSortWhileNeeded,Integer,10000,Random,99411583
BubbleSortWhileNeeded,Integer,10000,Random,100160042
BubbleSortWhileNeeded,Integer,10000,Random,100395333
BubbleSortWhileNeeded,Integer,10000,Reversed,120876541
BubbleSortWhileNeeded,Integer,10000,Reversed,121569917
BubbleSortWhileNeeded,Integer,10000,Reversed,121248208
BubbleSortWhileNeeded,Integer,10000,Reversed,120587917
BubbleSortWhileNeeded,Integer,10000,Reversed,119904417
BubbleSortWhileNeeded,Integer,10000,Reversed,121224584
BubbleSortWhileNeeded,Integer,10000,Reversed,121738959
BubbleSortWhileNeeded,Integer,10000,Reversed,121330458
BubbleSortWhileNeeded,Integer,10000,Reversed,120754334
BubbleSortWhileNeeded,Integer,10000,Reversed,120253500
BubbleSortWhileNeeded,Integer,10000,FirstKSorted,88741458
BubbleSortWhileNeeded,Integer,10000,FirstKSorted,87172791
BubbleSortWhileNeeded,Integer,10000,FirstKSorted,87278041
BubbleSortWhileNeeded,Integer,10000,FirstKSorted,87012458
BubbleSortWhileNeeded,Integer,10000,FirstKSorted,87299791
BubbleSortWhileNeeded,Integer,10000,FirstKSorted,86797375
BubbleSortWhileNeeded,Integer,10000,FirstKSorted,87315750
BubbleSortWhileNeeded,Integer,10000,FirstKSorted,87200459
BubbleSortWhileNeeded,Integer,10000,FirstKSorted,87277375
BubbleSortWhileNeeded,Integer,10000,FirstKSorted,86933708
BubbleSortWhileNeeded,Integer,10000,LastKSorted,75268625
BubbleSortWhileNeeded,Integer,10000,LastKSorted,74766333
BubbleSortWhileNeeded,Integer,10000,LastKSorted,74160583
BubbleSortWhileNeeded,Integer,10000,LastKSorted,74954583
BubbleSortWhileNeeded,Integer,10000,LastKSorted,74653334
BubbleSortWhileNeeded,Integer,10000,LastKSorted,73942125
BubbleSortWhileNeeded,Integer,10000,LastKSorted,74227458
BubbleSortWhileNeeded,Integer,10000,LastKSorted,74231750
BubbleSortWhileNeeded,Integer,10000,LastKSorted,74457541
BubbleSortWhileNeeded,Integer,10000,LastKSorted,75557333
BubbleSortWhileNeeded,Long,100,Random,227125
BubbleSortWhileNeeded,Long,100,Random,178083
BubbleSortWhileNeeded,Long,100,Random,173375
BubbleSortWhileNeeded,Long,100,Random,172417
BubbleSortWhileNeeded,Long,100,Random,172167
BubbleSortWhileNeeded,Long,100,Random,172000
BubbleSortWhileNeeded,Long,100,Random,171875
BubbleSortWhileNeeded,Long,100,Random,172250
BubbleSortWhileNeeded,Long,100,Random,171834
BubbleSortWhileNeeded,Long,100,Random,172417
BubbleSortWhileNeeded,Long,100,Reversed,461542
BubbleSortWhileNeeded,Long,100,Reversed,235458
BubbleSortWhileNeeded,Long,100,Reversed,278541
BubbleSortWhileNeeded,Long,100,Reversed,229584
BubbleSortWhileNeeded,Long,100,Reversed,232959
BubbleSortWhileNeeded,Long,100,Reversed,228792
BubbleSortWhileNeeded,Long,100,Reversed,234208
BubbleSortWhileNeeded,Long,100,Reversed,222167
BubbleSortWhileNeeded,Long,100,Reversed,64083
BubbleSortWhileNeeded,Long,100,Reversed,63209
BubbleSortWhileNeeded,Long,100,FirstKSorted,49083
BubbleSortWhileNeeded,Long,100,FirstKSorted,47208
BubbleSortWhileNeeded,Long,100,FirstKSorted,46458
BubbleSortWhileNeeded,Long,100,FirstKSorted,87834
BubbleSortWhileNeeded,Long,100,FirstKSorted,47166
BubbleSortWhileNeeded,Long,100,FirstKSorted,45708
BubbleSortWhileNeeded,Long,100,FirstKSorted,45792
BubbleSortWhileNeeded,Long,100,FirstKSorted,45625
BubbleSortWhileNeeded,Long,100,FirstKSorted,57834
BubbleSortWhileNeeded,Long,100,FirstKSorted,46167
BubbleSortWhileNeeded,Long,100,LastKSorted,61167
BubbleSortWhileNeeded,Long,100,LastKSorted,52667
BubbleSortWhileNeeded,Long,100,LastKSorted,51875
BubbleSortWhileNeeded,Long,100,LastKSorted,68334
BubbleSortWhileNeeded,Long,100,LastKSorted,50666
BubbleSortWhileNeeded,Long,100,LastKSorted,50042
BubbleSortWhileNeeded,Long,100,LastKSorted,49625
BubbleSortWhileNeeded,Long,100,LastKSorted,49625
BubbleSortWhileNeeded,Long,100,LastKSorted,49459
BubbleSortWhileNeeded,Long,100,LastKSorted,49500
BubbleSortWhileNeeded,Long,1000,Random,1551417
BubbleSortWhileNeeded,Long,1000,Random,1515708
BubbleSortWhileNeeded,Long,1000,Random,1416167
BubbleSortWhileNeeded,Long,1000,Random,1576958
BubbleSortWhileNeeded,Long,1000,Random,1468625
BubbleSortWhileNeeded,Long,1000,Random,1457041
BubbleSortWhileNeeded,Long,1000,Random,1559958
BubbleSortWhileNeeded,Long,1000,Random,1481834
BubbleSortWhileNeeded,Long,1000,Random,1622750
BubbleSortWhileNeeded,Long,1000,Random,1560500
BubbleSortWhileNeeded,Long,1000,Reversed,1513167
BubbleSortWhileNeeded,Long,1000,Reversed,1481917
BubbleSortWhileNeeded,Long,1000,Reversed,1482375
BubbleSortWhileNeeded,Long,1000,Reversed,1505042
BubbleSortWhileNeeded,Long,1000,Reversed,1512250
BubbleSortWhileNeeded,Long,1000,Reversed,1481625
BubbleSortWhileNeeded,Long,1000,Reversed,1483500
BubbleSortWhileNeeded,Long,1000,Reversed,1572667
BubbleSortWhileNeeded,Long,1000,Reversed,1506875
BubbleSortWhileNeeded,Long,1000,Reversed,1670959
BubbleSortWhileNeeded,Long,1000,FirstKSorted,1330750
BubbleSortWhileNeeded,Long,1000,FirstKSorted,1275250
BubbleSortWhileNeeded,Long,1000,FirstKSorted,1271625
BubbleSortWhileNeeded,Long,1000,FirstKSorted,1270667
BubbleSortWhileNeeded,Long,1000,FirstKSorted,1275167
BubbleSortWhileNeeded,Long,1000,FirstKSorted,1327792
BubbleSortWhileNeeded,Long,1000,FirstKSorted,1286625
BubbleSortWhileNeeded,Long,1000,FirstKSorted,1277334
BubbleSortWhileNeeded,Long,1000,FirstKSorted,1270125
BubbleSortWhileNeeded,Long,1000,FirstKSorted,1324709
BubbleSortWhileNeeded,Long,1000,LastKSorted,750500
BubbleSortWhileNeeded,Long,1000,LastKSorted,725334
BubbleSortWhileNeeded,Long,1000,LastKSorted,723125
BubbleSortWhileNeeded,Long,1000,LastKSorted,852083
BubbleSortWhileNeeded,Long,1000,LastKSorted,761958
BubbleSortWhileNeeded,Long,1000,LastKSorted,741792
BubbleSortWhileNeeded,Long,1000,LastKSorted,712500
BubbleSortWhileNeeded,Long,1000,LastKSorted,711875
BubbleSortWhileNeeded,Long,1000,LastKSorted,766459
BubbleSortWhileNeeded,Long,1000,LastKSorted,714541
BubbleSortWhileNeeded,Long,10000,Random,198268208
BubbleSortWhileNeeded,Long,10000,Random,195013125
BubbleSortWhileNeeded,Long,10000,Random,198472375
BubbleSortWhileNeeded,Long,10000,Random,199295708
BubbleSortWhileNeeded,Long,10000,Random,197761542
BubbleSortWhileNeeded,Long,10000,Random,200828375
BubbleSortWhileNeeded,Long,10000,Random,196354792
BubbleSortWhileNeeded,Long,10000,Random,199622875
BubbleSortWhileNeeded,Long,10000,Random,195759333
BubbleSortWhileNeeded,Long,10000,Random,200064666
BubbleSortWhileNeeded,Long,10000,Reversed,162172667
BubbleSortWhileNeeded,Long,10000,Reversed,161816250
BubbleSortWhileNeeded,Long,10000,Reversed,162080542
BubbleSortWhileNeeded,Long,10000,Reversed,164595709
BubbleSortWhileNeeded,Long,10000,Reversed,163332625
BubbleSortWhileNeeded,Long,10000,Reversed,163321125
BubbleSortWhileNeeded,Long,10000,Reversed,161787125
BubbleSortWhileNeeded,Long,10000,Reversed,161901667
BubbleSortWhileNeeded,Long,10000,Reversed,162984833
BubbleSortWhileNeeded,Long,10000,Reversed,162080834
BubbleSortWhileNeeded,Long,10000,FirstKSorted,168468083
BubbleSortWhileNeeded,Long,10000,FirstKSorted,161955250
BubbleSortWhileNeeded,Long,10000,FirstKSorted,157326167
BubbleSortWhileNeeded,Long,10000,FirstKSorted,177681625
BubbleSortWhileNeeded,Long,10000,FirstKSorted,165331625
BubbleSortWhileNeeded,Long,10000,FirstKSorted,162819083
BubbleSortWhileNeeded,Long,10000,FirstKSorted,154140542
BubbleSortWhileNeeded,Long,10000,FirstKSorted,159089334
BubbleSortWhileNeeded,Long,10000,FirstKSorted,153393708
BubbleSortWhileNeeded,Long,10000,FirstKSorted,164353750
BubbleSortWhileNeeded,Long,10000,LastKSorted,94264792
BubbleSortWhileNeeded,Long,10000,LastKSorted,93068167
BubbleSortWhileNeeded,Long,10000,LastKSorted,93214500
BubbleSortWhileNeeded,Long,10000,LastKSorted,98353500
BubbleSortWhileNeeded,Long,10000,LastKSorted,105545375
BubbleSortWhileNeeded,Long,10000,LastKSorted,101289416
BubbleSortWhileNeeded,Long,10000,LastKSorted,99609958
BubbleSortWhileNeeded,Long,10000,LastKSorted,106107042
BubbleSortWhileNeeded,Long,10000,LastKSorted,102782875
BubbleSortWhileNeeded,Long,10000,LastKSorted,96961625
BubbleSortWhileNeeded,Float,100,Random,266000
BubbleSortWhileNeeded,Float,100,Random,197542
BubbleSortWhileNeeded,Float,100,Random,153583
BubbleSortWhileNeeded,Float,100,Random,62833
BubbleSortWhileNeeded,Float,100,Random,54834
BubbleSortWhileNeeded,Float,100,Random,49958
BubbleSortWhileNeeded,Float,100,Random,49875
BubbleSortWhileNeeded,Float,100,Random,49459
BubbleSortWhileNeeded,Float,100,Random,68292
BubbleSortWhileNeeded,Float,100,Random,55583
BubbleSortWhileNeeded,Float,100,Reversed,89458
BubbleSortWhileNeeded,Float,100,Reversed,53292
BubbleSortWhileNeeded,Float,100,Reversed,64292
BubbleSortWhileNeeded,Float,100,Reversed,53250
BubbleSortWhileNeeded,Float,100,Reversed,76541
BubbleSortWhileNeeded,Float,100,Reversed,52625
BubbleSortWhileNeeded,Float,100,Reversed,52708
BubbleSortWhileNeeded,Float,100,Reversed,52834
BubbleSortWhileNeeded,Float,100,Reversed,53042
BubbleSortWhileNeeded,Float,100,Reversed,52833
BubbleSortWhileNeeded,Float,100,FirstKSorted,47292
BubbleSortWhileNeeded,Float,100,FirstKSorted,46250
BubbleSortWhileNeeded,Float,100,FirstKSorted,45750
BubbleSortWhileNeeded,Float,100,FirstKSorted,45791
BubbleSortWhileNeeded,Float,100,FirstKSorted,45625
BubbleSortWhileNeeded,Float,100,FirstKSorted,45708
BubbleSortWhileNeeded,Float,100,FirstKSorted,45625
BubbleSortWhileNeeded,Float,100,FirstKSorted,45542
BubbleSortWhileNeeded,Float,100,FirstKSorted,45250
BubbleSortWhileNeeded,Float,100,FirstKSorted,45667
BubbleSortWhileNeeded,Float,100,LastKSorted,12625
BubbleSortWhileNeeded,Float,100,LastKSorted,17125
BubbleSortWhileNeeded,Float,100,LastKSorted,12625
BubbleSortWhileNeeded,Float,100,LastKSorted,11667
BubbleSortWhileNeeded,Float,100,LastKSorted,11875
BubbleSortWhileNeeded,Float,100,LastKSorted,11542
BubbleSortWhileNeeded,Float,100,LastKSorted,11584
BubbleSortWhileNeeded,Float,100,LastKSorted,11500
BubbleSortWhileNeeded,Float,100,LastKSorted,11625
BubbleSortWhileNeeded,Float,100,LastKSorted,16208
BubbleSortWhileNeeded,Float,1000,Random,3776875
BubbleSortWhileNeeded,Float,1000,Random,2363583
BubbleSortWhileNeeded,Float,1000,Random,2209250
BubbleSortWhileNeeded,Float,1000,Random,2263958
BubbleSortWhileNeeded,Float,1000,Random,2303708
BubbleSortWhileNeeded,Float,1000,Random,2880125
BubbleSortWhileNeeded,Float,1000,Random,2382250
BubbleSortWhileNeeded,Float,1000,Random,2242750
BubbleSortWhileNeeded,Float,1000,Random,2196584
BubbleSortWhileNeeded,Float,1000,Random,2204458
BubbleSortWhileNeeded,Float,1000,Reversed,2217958
BubbleSortWhileNeeded,Float,1000,Reversed,2394791
BubbleSortWhileNeeded,Float,1000,Reversed,2308375
BubbleSortWhileNeeded,Float,1000,Reversed,2236333
BubbleSortWhileNeeded,Float,1000,Reversed,2238875
BubbleSortWhileNeeded,Float,1000,Reversed,2419666
BubbleSortWhileNeeded,Float,1000,Reversed,2203208
BubbleSortWhileNeeded,Float,1000,Reversed,2206458
BubbleSortWhileNeeded,Float,1000,Reversed,2259541
BubbleSortWhileNeeded,Float,1000,Reversed,2437625
BubbleSortWhileNeeded,Float,1000,FirstKSorted,2127084
BubbleSortWhileNeeded,Float,1000,FirstKSorted,2068541
BubbleSortWhileNeeded,Float,1000,FirstKSorted,2046709
BubbleSortWhileNeeded,Float,1000,FirstKSorted,2115917
BubbleSortWhileNeeded,Float,1000,FirstKSorted,2070750
BubbleSortWhileNeeded,Float,1000,FirstKSorted,2033209
BubbleSortWhileNeeded,Float,1000,FirstKSorted,2369000
BubbleSortWhileNeeded,Float,1000,FirstKSorted,2259542
BubbleSortWhileNeeded,Float,1000,FirstKSorted,2279375
BubbleSortWhileNeeded,Float,1000,FirstKSorted,2271208
BubbleSortWhileNeeded,Float,1000,LastKSorted,579708
BubbleSortWhileNeeded,Float,1000,LastKSorted,580000
BubbleSortWhileNeeded,Float,1000,LastKSorted,564292
BubbleSortWhileNeeded,Float,1000,LastKSorted,558750
BubbleSortWhileNeeded,Float,1000,LastKSorted,552709
BubbleSortWhileNeeded,Float,1000,LastKSorted,553292
BubbleSortWhileNeeded,Float,1000,LastKSorted,561292
BubbleSortWhileNeeded,Float,1000,LastKSorted,552208
BubbleSortWhileNeeded,Float,1000,LastKSorted,564542
BubbleSortWhileNeeded,Float,1000,LastKSorted,593500
BubbleSortWhileNeeded,Float,10000,Random,298477042
BubbleSortWhileNeeded,Float,10000,Random,313561291
BubbleSortWhileNeeded,Float,10000,Random,299242750
BubbleSortWhileNeeded,Float,10000,Random,290157708
BubbleSortWhileNeeded,Float,10000,Random,295530459
BubbleSortWhileNeeded,Float,10000,Random,287668667
BubbleSortWhileNeeded,Float,10000,Random,292707083
BubbleSortWhileNeeded,Float,10000,Random,289298292
BubbleSortWhileNeeded,Float,10000,Random,289725666
BubbleSortWhileNeeded,Float,10000,Random,294790125
BubbleSortWhileNeeded,Float,10000,Reversed,214869792
BubbleSortWhileNeeded,Float,10000,Reversed,216279042
BubbleSortWhileNeeded,Float,10000,Reversed,216608625
BubbleSortWhileNeeded,Float,10000,Reversed,219228209
BubbleSortWhileNeeded,Float,10000,Reversed,215150583
BubbleSortWhileNeeded,Float,10000,Reversed,258116834
BubbleSortWhileNeeded,Float,10000,Reversed,246508666
BubbleSortWhileNeeded,Float,10000,Reversed,246425250
BubbleSortWhileNeeded,Float,10000,Reversed,250860042
BubbleSortWhileNeeded,Float,10000,Reversed,245884416
BubbleSortWhileNeeded,Float,10000,FirstKSorted,211263084
BubbleSortWhileNeeded,Float,10000,FirstKSorted,205133125
BubbleSortWhileNeeded,Float,10000,FirstKSorted,205100584
BubbleSortWhileNeeded,Float,10000,FirstKSorted,204917625
BubbleSortWhileNeeded,Float,10000,FirstKSorted,205217584
BubbleSortWhileNeeded,Float,10000,FirstKSorted,204672958
BubbleSortWhileNeeded,Float,10000,FirstKSorted,203940625
BubbleSortWhileNeeded,Float,10000,FirstKSorted,205573917
BubbleSortWhileNeeded,Float,10000,FirstKSorted,207167750
BubbleSortWhileNeeded,Float,10000,FirstKSorted,204141584
BubbleSortWhileNeeded,Float,10000,LastKSorted,63972000
BubbleSortWhileNeeded,Float,10000,LastKSorted,63368833
BubbleSortWhileNeeded,Float,10000,LastKSorted,64101959
BubbleSortWhileNeeded,Float,10000,LastKSorted,63885000
BubbleSortWhileNeeded,Float,10000,LastKSorted,64531500
BubbleSortWhileNeeded,Float,10000,LastKSorted,64629084
BubbleSortWhileNeeded,Float,10000,LastKSorted,64226583
BubbleSortWhileNeeded,Float,10000,LastKSorted,62959292
BubbleSortWhileNeeded,Float,10000,LastKSorted,63901250
BubbleSortWhileNeeded,Float,10000,LastKSorted,63593375
BubbleSortWhileNeeded,Double,100,Random,69083
BubbleSortWhileNeeded,Double,100,Random,39042
BubbleSortWhileNeeded,Double,100,Random,29625
BubbleSortWhileNeeded,Double,100,Random,28959
BubbleSortWhileNeeded,Double,100,Random,28041
BubbleSortWhileNeeded,Double,100,Random,27875
BubbleSortWhileNeeded,Double,100,Random,27750
BubbleSortWhileNeeded,Double,100,Random,27625
BubbleSortWhileNeeded,Double,100,Random,27750
BubbleSortWhileNeeded,Double,100,Random,30000
BubbleSortWhileNeeded,Double,100,Reversed,28958
BubbleSortWhileNeeded,Double,100,Reversed,28667
BubbleSortWhileNeeded,Double,100,Reversed,28542
BubbleSortWhileNeeded,Double,100,Reversed,28958
BubbleSortWhileNeeded,Double,100,Reversed,28708
BubbleSortWhileNeeded,Double,100,Reversed,28791
BubbleSortWhileNeeded,Double,100,Reversed,28625
BubbleSortWhileNeeded,Double,100,Reversed,29000
BubbleSortWhileNeeded,Double,100,Reversed,28917
BubbleSortWhileNeeded,Double,100,Reversed,28625
BubbleSortWhileNeeded,Double,100,FirstKSorted,30125
BubbleSortWhileNeeded,Double,100,FirstKSorted,28917
BubbleSortWhileNeeded,Double,100,FirstKSorted,28375
BubbleSortWhileNeeded,Double,100,FirstKSorted,28625
BubbleSortWhileNeeded,Double,100,FirstKSorted,28209
BubbleSortWhileNeeded,Double,100,FirstKSorted,28250
BubbleSortWhileNeeded,Double,100,FirstKSorted,28084
BubbleSortWhileNeeded,Double,100,FirstKSorted,28083
BubbleSortWhileNeeded,Double,100,FirstKSorted,28125
BubbleSortWhileNeeded,Double,100,FirstKSorted,27917
BubbleSortWhileNeeded,Double,100,LastKSorted,9959
BubbleSortWhileNeeded,Double,100,LastKSorted,8500
BubbleSortWhileNeeded,Double,100,LastKSorted,8083
BubbleSortWhileNeeded,Double,100,LastKSorted,8000
BubbleSortWhileNeeded,Double,100,LastKSorted,12500
BubbleSortWhileNeeded,Double,100,LastKSorted,9750
BubbleSortWhileNeeded,Double,100,LastKSorted,8792
BubbleSortWhileNeeded,Double,100,LastKSorted,8541
BubbleSortWhileNeeded,Double,100,LastKSorted,8458
BubbleSortWhileNeeded,Double,100,LastKSorted,8334
BubbleSortWhileNeeded,Double,1000,Random,3372417
BubbleSortWhileNeeded,Double,1000,Random,3163625
BubbleSortWhileNeeded,Double,1000,Random,2997292
BubbleSortWhileNeeded,Double,1000,Random,3025750
BubbleSortWhileNeeded,Double,1000,Random,3016416
BubbleSortWhileNeeded,Double,1000,Random,3127625
BubbleSortWhileNeeded,Double,1000,Random,3416000
BubbleSortWhileNeeded,Double,1000,Random,3024708
BubbleSortWhileNeeded,Double,1000,Random,3020750
BubbleSortWhileNeeded,Double,1000,Random,3018791
BubbleSortWhileNeeded,Double,1000,Reversed,2831041
BubbleSortWhileNeeded,Double,1000,Reversed,2823542
BubbleSortWhileNeeded,Double,1000,Reversed,2765833
BubbleSortWhileNeeded,Double,1000,Reversed,2686208
BubbleSortWhileNeeded,Double,1000,Reversed,2702666
BubbleSortWhileNeeded,Double,1000,Reversed,2695791
BubbleSortWhileNeeded,Double,1000,Reversed,2805167
BubbleSortWhileNeeded,Double,1000,Reversed,2957500
BubbleSortWhileNeeded,Double,1000,Reversed,2740791
BubbleSortWhileNeeded,Double,1000,Reversed,2723750
BubbleSortWhileNeeded,Double,1000,FirstKSorted,2722125
BubbleSortWhileNeeded,Double,1000,FirstKSorted,2717125
BubbleSortWhileNeeded,Double,1000,FirstKSorted,2813250
BubbleSortWhileNeeded,Double,1000,FirstKSorted,2649833
BubbleSortWhileNeeded,Double,1000,FirstKSorted,2687791
BubbleSortWhileNeeded,Double,1000,FirstKSorted,2708792
BubbleSortWhileNeeded,Double,1000,FirstKSorted,2592583
BubbleSortWhileNeeded,Double,1000,FirstKSorted,2633875
BubbleSortWhileNeeded,Double,1000,FirstKSorted,2847416
BubbleSortWhileNeeded,Double,1000,FirstKSorted,2575750
BubbleSortWhileNeeded,Double,1000,LastKSorted,745375
BubbleSortWhileNeeded,Double,1000,LastKSorted,745208
BubbleSortWhileNeeded,Double,1000,LastKSorted,741791
BubbleSortWhileNeeded,Double,1000,LastKSorted,738083
BubbleSortWhileNeeded,Double,1000,LastKSorted,739667
BubbleSortWhileNeeded,Double,1000,LastKSorted,741792
BubbleSortWhileNeeded,Double,1000,LastKSorted,747666
BubbleSortWhileNeeded,Double,1000,LastKSorted,771708
BubbleSortWhileNeeded,Double,1000,LastKSorted,808084
BubbleSortWhileNeeded,Double,1000,LastKSorted,760083
BubbleSortWhileNeeded,Double,10000,Random,363907584
BubbleSortWhileNeeded,Double,10000,Random,412259750
BubbleSortWhileNeeded,Double,10000,Random,372908542
BubbleSortWhileNeeded,Double,10000,Random,367589416
BubbleSortWhileNeeded,Double,10000,Random,400165542
BubbleSortWhileNeeded,Double,10000,Random,455783667
BubbleSortWhileNeeded,Double,10000,Random,385254959
BubbleSortWhileNeeded,Double,10000,Random,368184166
BubbleSortWhileNeeded,Double,10000,Random,414978917
BubbleSortWhileNeeded,Double,10000,Random,367621708
BubbleSortWhileNeeded,Double,10000,Reversed,269129125
BubbleSortWhileNeeded,Double,10000,Reversed,268779709
BubbleSortWhileNeeded,Double,10000,Reversed,281801709
BubbleSortWhileNeeded,Double,10000,Reversed,278296208
BubbleSortWhileNeeded,Double,10000,Reversed,274758666
BubbleSortWhileNeeded,Double,10000,Reversed,273745584
BubbleSortWhileNeeded,Double,10000,Reversed,274242625
BubbleSortWhileNeeded,Double,10000,Reversed,271032750
BubbleSortWhileNeeded,Double,10000,Reversed,268028333
BubbleSortWhileNeeded,Double,10000,Reversed,271551833
BubbleSortWhileNeeded,Double,10000,FirstKSorted,269586625
BubbleSortWhileNeeded,Double,10000,FirstKSorted,268083625
BubbleSortWhileNeeded,Double,10000,FirstKSorted,303811333
BubbleSortWhileNeeded,Double,10000,FirstKSorted,270901209
BubbleSortWhileNeeded,Double,10000,FirstKSorted,267600834
BubbleSortWhileNeeded,Double,10000,FirstKSorted,265318292
BubbleSortWhileNeeded,Double,10000,FirstKSorted,264051125
BubbleSortWhileNeeded,Double,10000,FirstKSorted,273245542
BubbleSortWhileNeeded,Double,10000,FirstKSorted,272571250
BubbleSortWhileNeeded,Double,10000,FirstKSorted,269439667
BubbleSortWhileNeeded,Double,10000,LastKSorted,81186459
BubbleSortWhileNeeded,Double,10000,LastKSorted,86409500
BubbleSortWhileNeeded,Double,10000,LastKSorted,83557166
BubbleSortWhileNeeded,Double,10000,LastKSorted,82427208
BubbleSortWhileNeeded,Double,10000,LastKSorted,82413333
BubbleSortWhileNeeded,Double,10000,LastKSorted,122386209
BubbleSortWhileNeeded,Double,10000,LastKSorted,87496625
BubbleSortWhileNeeded,Double,10000,LastKSorted,84419375
BubbleSortWhileNeeded,Double,10000,LastKSorted,82898750
BubbleSortWhileNeeded,Double,10000,LastKSorted,83502000
QuickSortGPT,Integer,100,Random,56792
QuickSortGPT,Integer,100,Random,38209
QuickSortGPT,Integer,100,Random,36667
QuickSortGPT,Integer,100,Random,29792
QuickSortGPT,Integer,100,Random,26708
QuickSortGPT,Integer,100,Random,27000
QuickSortGPT,Integer,100,Random,26542
QuickSortGPT,Integer,100,Random,39416
QuickSortGPT,Integer,100,Random,23583
QuickSortGPT,Integer,100,Random,24167
QuickSortGPT,Integer,100,Reversed,72125
QuickSortGPT,Integer,100,Reversed,46375
QuickSortGPT,Integer,100,Reversed,42000
QuickSortGPT,Integer,100,Reversed,41709
QuickSortGPT,Integer,100,Reversed,45000
QuickSortGPT,Integer,100,Reversed,42791
QuickSortGPT,Integer,100,Reversed,42250
QuickSortGPT,Integer,100,Reversed,42125
QuickSortGPT,Integer,100,Reversed,41625
QuickSortGPT,Integer,100,Reversed,42000
QuickSortGPT,Integer,100,FirstKSorted,15000
QuickSortGPT,Integer,100,FirstKSorted,11041
QuickSortGPT,Integer,100,FirstKSorted,11500
QuickSortGPT,Integer,100,FirstKSorted,9792
QuickSortGPT,Integer,100,FirstKSorted,10334
QuickSortGPT,Integer,100,FirstKSorted,9667
QuickSortGPT,Integer,100,FirstKSorted,9917
QuickSortGPT,Integer,100,FirstKSorted,9458
QuickSortGPT,Integer,100,FirstKSorted,9875
QuickSortGPT,Integer,100,FirstKSorted,9458
QuickSortGPT,Integer,100,LastKSorted,31875
QuickSortGPT,Integer,100,LastKSorted,32584
QuickSortGPT,Integer,100,LastKSorted,30542
QuickSortGPT,Integer,100,LastKSorted,29625
QuickSortGPT,Integer,100,LastKSorted,29917
QuickSortGPT,Integer,100,LastKSorted,29417
QuickSortGPT,Integer,100,LastKSorted,29625
QuickSortGPT,Integer,100,LastKSorted,29834
QuickSortGPT,Integer,100,LastKSorted,29542
QuickSortGPT,Integer,100,LastKSorted,29708
QuickSortGPT,Integer,1000,Random,123125
QuickSortGPT,Integer,1000,Random,115250
QuickSortGPT,Integer,1000,Random,111583
QuickSortGPT,Integer,1000,Random,110334
QuickSortGPT,Integer,1000,Random,109417
QuickSortGPT,Integer,1000,Random,109292
QuickSortGPT,Integer,1000,Random,109458
QuickSortGPT,Integer,1000,Random,109167
QuickSortGPT,Integer,1000,Random,108875
QuickSortGPT,Integer,1000,Random,108875
QuickSortGPT,Integer,1000,Reversed,10289458
QuickSortGPT,Integer,1000,Reversed,5215042
QuickSortGPT,Integer,1000,Reversed,794666
QuickSortGPT,Integer,1000,Reversed,787250
QuickSortGPT,Integer,1000,Reversed,787125
QuickSortGPT,Integer,1000,Reversed,793750
QuickSortGPT,Integer,1000,Reversed,830875
QuickSortGPT,Integer,1000,Reversed,818583
QuickSortGPT,Integer,1000,Reversed,962417
QuickSortGPT,Integer,1000,Reversed,841375
QuickSortGPT,Integer,1000,FirstKSorted,144417
QuickSortGPT,Integer,1000,FirstKSorted,153125
QuickSortGPT,Integer,1000,FirstKSorted,128834
QuickSortGPT,Integer,1000,FirstKSorted,117500
QuickSortGPT,Integer,1000,FirstKSorted,112917
QuickSortGPT,Integer,1000,FirstKSorted,110042
QuickSortGPT,Integer,1000,FirstKSorted,109167
QuickSortGPT,Integer,1000,FirstKSorted,108166
QuickSortGPT,Integer,1000,FirstKSorted,107666
QuickSortGPT,Integer,1000,FirstKSorted,106625
QuickSortGPT,Integer,1000,LastKSorted,577417
QuickSortGPT,Integer,1000,LastKSorted,563916
QuickSortGPT,Integer,1000,LastKSorted,560459
QuickSortGPT,Integer,1000,LastKSorted,559375
QuickSortGPT,Integer,1000,LastKSorted,557833
QuickSortGPT,Integer,1000,LastKSorted,557334
QuickSortGPT,Integer,1000,LastKSorted,556959
QuickSortGPT,Integer,1000,LastKSorted,557000
QuickSortGPT,Integer,1000,LastKSorted,559083
QuickSortGPT,Integer,1000,LastKSorted,592292
QuickSortGPT,Integer,10000,Random,725500
QuickSortGPT,Integer,10000,Random,757500
QuickSortGPT,Integer,10000,Random,742458
QuickSortGPT,Integer,10000,Random,791792
QuickSortGPT,Integer,10000,Random,767542
QuickSortGPT,Integer,10000,Random,756583
QuickSortGPT,Integer,10000,Random,767375
QuickSortGPT,Integer,10000,Random,1193750
QuickSortGPT,Integer,10000,Random,862417
QuickSortGPT,Integer,10000,Random,1745042
QuickSortGPT,Integer,10000,Reversed,79655000
QuickSortGPT,Integer,10000,Reversed,80308250
QuickSortGPT,Integer,10000,Reversed,79603042
QuickSortGPT,Integer,10000,Reversed,78980875
QuickSortGPT,Integer,10000,Reversed,78962666
QuickSortGPT,Integer,10000,Reversed,80351042
QuickSortGPT,Integer,10000,Reversed,78599625
QuickSortGPT,Integer,10000,Reversed,79859041
QuickSortGPT,Integer,10000,Reversed,120579250
QuickSortGPT,Integer,10000,Reversed,98250917
QuickSortGPT,Integer,10000,FirstKSorted,8065666
QuickSortGPT,Integer,10000,FirstKSorted,11940625
QuickSortGPT,Integer,10000,FirstKSorted,11024209
QuickSortGPT,Integer,10000,FirstKSorted,10562167
QuickSortGPT,Integer,10000,FirstKSorted,10653666
QuickSortGPT,Integer,10000,FirstKSorted,10421167
QuickSortGPT,Integer,10000,FirstKSorted,11049792
QuickSortGPT,Integer,10000,FirstKSorted,10534250
QuickSortGPT,Integer,10000,FirstKSorted,10508625
QuickSortGPT,Integer,10000,FirstKSorted,45119625
QuickSortGPT,Integer,10000,LastKSorted,57577333
QuickSortGPT,Integer,10000,LastKSorted,56337667
QuickSortGPT,Integer,10000,LastKSorted,56256458
QuickSortGPT,Integer,10000,LastKSorted,57400125
QuickSortGPT,Integer,10000,LastKSorted,57287375
QuickSortGPT,Integer,10000,LastKSorted,60149750
QuickSortGPT,Integer,10000,LastKSorted,57510292
QuickSortGPT,Integer,10000,LastKSorted,57573125
QuickSortGPT,Integer,10000,LastKSorted,57394375
QuickSortGPT,Integer,10000,LastKSorted,56575333
QuickSortGPT,Long,100,Random,100500
QuickSortGPT,Long,100,Random,24208
QuickSortGPT,Long,100,Random,23542
QuickSortGPT,Long,100,Random,22833
QuickSortGPT,Long,100,Random,22583
QuickSortGPT,Long,100,Random,22917
QuickSortGPT,Long,100,Random,22958
QuickSortGPT,Long,100,Random,22875
QuickSortGPT,Long,100,Random,23000
QuickSortGPT,Long,100,Random,22667
QuickSortGPT,Long,100,Reversed,139958
QuickSortGPT,Long,100,Reversed,136125
QuickSortGPT,Long,100,Reversed,135833
QuickSortGPT,Long,100,Reversed,136625
QuickSortGPT,Long,100,Reversed,136209
QuickSortGPT,Long,100,Reversed,136000
QuickSortGPT,Long,100,Reversed,135542
QuickSortGPT,Long,100,Reversed,136250
QuickSortGPT,Long,100,Reversed,135958
QuickSortGPT,Long,100,Reversed,135792
QuickSortGPT,Long,100,FirstKSorted,32584
QuickSortGPT,Long,100,FirstKSorted,31916
QuickSortGPT,Long,100,FirstKSorted,31000
QuickSortGPT,Long,100,FirstKSorted,30333
QuickSortGPT,Long,100,FirstKSorted,30416
QuickSortGPT,Long,100,FirstKSorted,30333
QuickSortGPT,Long,100,FirstKSorted,30458
QuickSortGPT,Long,100,FirstKSorted,30791
QuickSortGPT,Long,100,FirstKSorted,30042
QuickSortGPT,Long,100,FirstKSorted,30416
QuickSortGPT,Long,100,LastKSorted,92250
QuickSortGPT,Long,100,LastKSorted,88333
QuickSortGPT,Long,100,LastKSorted,88459
QuickSortGPT,Long,100,LastKSorted,88000
QuickSortGPT,Long,100,LastKSorted,90250
QuickSortGPT,Long,100,LastKSorted,89542
QuickSortGPT,Long,100,LastKSorted,91167
QuickSortGPT,Long,100,LastKSorted,91625
QuickSortGPT,Long,100,LastKSorted,90458
QuickSortGPT,Long,100,LastKSorted,90916
QuickSortGPT,Long,1000,Random,380167
QuickSortGPT,Long,1000,Random,366666
QuickSortGPT,Long,1000,Random,366791
QuickSortGPT,Long,1000,Random,365875
QuickSortGPT,Long,1000,Random,365166
QuickSortGPT,Long,1000,Random,368458
QuickSortGPT,Long,1000,Random,374417
QuickSortGPT,Long,1000,Random,392417
QuickSortGPT,Long,1000,Random,374292
QuickSortGPT,Long,1000,Random,370000
QuickSortGPT,Long,1000,Reversed,5812000
QuickSortGPT,Long,1000,Reversed,1259542
QuickSortGPT,Long,1000,Reversed,1097541
QuickSortGPT,Long,1000,Reversed,1090416
QuickSortGPT,Long,1000,Reversed,1093792
QuickSortGPT,Long,1000,Reversed,1101750
QuickSortGPT,Long,1000,Reversed,1085625
QuickSortGPT,Long,1000,Reversed,1103125
QuickSortGPT,Long,1000,Reversed,1076666
QuickSortGPT,Long,1000,Reversed,1074250
QuickSortGPT,Long,1000,FirstKSorted,180333
QuickSortGPT,Long,1000,FirstKSorted,155375
QuickSortGPT,Long,1000,FirstKSorted,151875
QuickSortGPT,Long,1000,FirstKSorted,151125
QuickSortGPT,Long,1000,FirstKSorted,148458
QuickSortGPT,Long,1000,FirstKSorted,143625
QuickSortGPT,Long,1000,FirstKSorted,142666
QuickSortGPT,Long,1000,FirstKSorted,143958
QuickSortGPT,Long,1000,FirstKSorted,160791
QuickSortGPT,Long,1000,FirstKSorted,157500
QuickSortGPT,Long,1000,LastKSorted,784250
QuickSortGPT,Long,1000,LastKSorted,725125
QuickSortGPT,Long,1000,LastKSorted,735292
QuickSortGPT,Long,1000,LastKSorted,744375
QuickSortGPT,Long,1000,LastKSorted,740667
QuickSortGPT,Long,1000,LastKSorted,826334
QuickSortGPT,Long,1000,LastKSorted,854917
QuickSortGPT,Long,1000,LastKSorted,727833
QuickSortGPT,Long,1000,LastKSorted,746333
QuickSortGPT,Long,1000,LastKSorted,719833
QuickSortGPT,Long,10000,Random,859583
QuickSortGPT,Long,10000,Random,846125
QuickSortGPT,Long,10000,Random,838959
QuickSortGPT,Long,10000,Random,862542
QuickSortGPT,Long,10000,Random,865750
QuickSortGPT,Long,10000,Random,845875
QuickSortGPT,Long,10000,Random,836750
QuickSortGPT,Long,10000,Random,857166
QuickSortGPT,Long,10000,Random,845959
QuickSortGPT,Long,10000,Random,853375
QuickSortGPT,Long,10000,Reversed,119882417
QuickSortGPT,Long,10000,Reversed,118919709
QuickSortGPT,Long,10000,Reversed,118515792
QuickSortGPT,Long,10000,Reversed,117732250
QuickSortGPT,Long,10000,Reversed,118003750
QuickSortGPT,Long,10000,Reversed,118808666
QuickSortGPT,Long,10000,Reversed,118497375
QuickSortGPT,Long,10000,Reversed,117244250
QuickSortGPT,Long,10000,Reversed,118026209
QuickSortGPT,Long,10000,Reversed,117993417
QuickSortGPT,Long,10000,FirstKSorted,11240458
QuickSortGPT,Long,10000,FirstKSorted,10440916
QuickSortGPT,Long,10000,FirstKSorted,10515625
QuickSortGPT,Long,10000,FirstKSorted,10326083
QuickSortGPT,Long,10000,FirstKSorted,10268000
QuickSortGPT,Long,10000,FirstKSorted,10231958
QuickSortGPT,Long,10000,FirstKSorted,12495750
QuickSortGPT,Long,10000,FirstKSorted,12549250
QuickSortGPT,Long,10000,FirstKSorted,12485375
QuickSortGPT,Long,10000,FirstKSorted,12450833
QuickSortGPT,Long,10000,LastKSorted,75037125
QuickSortGPT,Long,10000,LastKSorted,74333000
QuickSortGPT,Long,10000,LastKSorted,74352500
QuickSortGPT,Long,10000,LastKSorted,74303167
QuickSortGPT,Long,10000,LastKSorted,74227667
QuickSortGPT,Long,10000,LastKSorted,74237375
QuickSortGPT,Long,10000,LastKSorted,74462833
QuickSortGPT,Long,10000,LastKSorted,74876792
QuickSortGPT,Long,10000,LastKSorted,74430292
QuickSortGPT,Long,10000,LastKSorted,74427708
QuickSortGPT,Float,100,Random,87375
QuickSortGPT,Float,100,Random,46083
QuickSortGPT,Float,100,Random,25083
QuickSortGPT,Float,100,Random,25375
QuickSortGPT,Float,100,Random,24709
QuickSortGPT,Float,100,Random,24500
QuickSortGPT,Float,100,Random,24541
QuickSortGPT,Float,100,Random,26250
QuickSortGPT,Float,100,Random,25417
QuickSortGPT,Float,100,Random,25458
QuickSortGPT,Float,100,Reversed,142541
QuickSortGPT,Float,100,Reversed,136458
QuickSortGPT,Float,100,Reversed,135792
QuickSortGPT,Float,100,Reversed,136166
QuickSortGPT,Float,100,Reversed,136042
QuickSortGPT,Float,100,Reversed,142500
QuickSortGPT,Float,100,Reversed,137209
QuickSortGPT,Float,100,Reversed,134708
QuickSortGPT,Float,100,Reversed,134917
QuickSortGPT,Float,100,Reversed,134792
QuickSortGPT,Float,100,FirstKSorted,31250
QuickSortGPT,Float,100,FirstKSorted,30834
QuickSortGPT,Float,100,FirstKSorted,30750
QuickSortGPT,Float,100,FirstKSorted,30458
QuickSortGPT,Float,100,FirstKSorted,30541
QuickSortGPT,Float,100,FirstKSorted,30292
QuickSortGPT,Float,100,FirstKSorted,30667
QuickSortGPT,Float,100,FirstKSorted,29250
QuickSortGPT,Float,100,FirstKSorted,29250
QuickSortGPT,Float,100,FirstKSorted,29459
QuickSortGPT,Float,100,LastKSorted,139042
QuickSortGPT,Float,100,LastKSorted,135333
QuickSortGPT,Float,100,LastKSorted,135583
QuickSortGPT,Float,100,LastKSorted,135333
QuickSortGPT,Float,100,LastKSorted,136250
QuickSortGPT,Float,100,LastKSorted,134042
QuickSortGPT,Float,100,LastKSorted,135375
QuickSortGPT,Float,100,LastKSorted,135167
QuickSortGPT,Float,100,LastKSorted,135000
QuickSortGPT,Float,100,LastKSorted,135084
QuickSortGPT,Float,1000,Random,375667
QuickSortGPT,Float,1000,Random,371458
QuickSortGPT,Float,1000,Random,150917
QuickSortGPT,Float,1000,Random,79041
QuickSortGPT,Float,1000,Random,75209
QuickSortGPT,Float,1000,Random,73042
QuickSortGPT,Float,1000,Random,71583
QuickSortGPT,Float,1000,Random,73083
QuickSortGPT,Float,1000,Random,73542
QuickSortGPT,Float,1000,Random,105292
QuickSortGPT,Float,1000,Reversed,1976375
QuickSortGPT,Float,1000,Reversed,1999500
QuickSortGPT,Float,1000,Reversed,1848750
QuickSortGPT,Float,1000,Reversed,1777041
QuickSortGPT,Float,1000,Reversed,1769375
QuickSortGPT,Float,1000,Reversed,1752666
QuickSortGPT,Float,1000,Reversed,1742709
QuickSortGPT,Float,1000,Reversed,1741875
QuickSortGPT,Float,1000,Reversed,1743125
QuickSortGPT,Float,1000,Reversed,1768291
QuickSortGPT,Float,1000,FirstKSorted,87083
QuickSortGPT,Float,1000,FirstKSorted,79375
QuickSortGPT,Float,1000,FirstKSorted,73625
QuickSortGPT,Float,1000,FirstKSorted,71833
QuickSortGPT,Float,1000,FirstKSorted,69958
QuickSortGPT,Float,1000,FirstKSorted,69042
QuickSortGPT,Float,1000,FirstKSorted,69250
QuickSortGPT,Float,1000,FirstKSorted,90709
QuickSortGPT,Float,1000,FirstKSorted,84042
QuickSortGPT,Float,1000,FirstKSorted,129958
QuickSortGPT,Float,1000,LastKSorted,1784375
QuickSortGPT,Float,1000,LastKSorted,1618166
QuickSortGPT,Float,1000,LastKSorted,1615084
QuickSortGPT,Float,1000,LastKSorted,1653292
QuickSortGPT,Float,1000,LastKSorted,1618167
QuickSortGPT,Float,1000,LastKSorted,1613625
QuickSortGPT,Float,1000,LastKSorted,1636541
QuickSortGPT,Float,1000,LastKSorted,1601875
QuickSortGPT,Float,1000,LastKSorted,1588667
QuickSortGPT,Float,1000,LastKSorted,1657875
QuickSortGPT,Float,10000,Random,1227042
QuickSortGPT,Float,10000,Random,1144375
QuickSortGPT,Float,10000,Random,1135167
QuickSortGPT,Float,10000,Random,1138791
QuickSortGPT,Float,10000,Random,1130334
QuickSortGPT,Float,10000,Random,1224709
QuickSortGPT,Float,10000,Random,1155042
QuickSortGPT,Float,10000,Random,1141500
QuickSortGPT,Float,10000,Random,1138833
QuickSortGPT,Float,10000,Random,1121625
QuickSortGPT,Float,10000,Reversed,174778250
QuickSortGPT,Float,10000,Reversed,173821833
QuickSortGPT,Float,10000,Reversed,174082792
QuickSortGPT,Float,10000,Reversed,174015209
QuickSortGPT,Float,10000,Reversed,189929292
QuickSortGPT,Float,10000,Reversed,189977292
QuickSortGPT,Float,10000,Reversed,190768875
QuickSortGPT,Float,10000,Reversed,189964917
QuickSortGPT,Float,10000,Reversed,189470584
QuickSortGPT,Float,10000,Reversed,190388959
QuickSortGPT,Float,10000,FirstKSorted,3464125
QuickSortGPT,Float,10000,FirstKSorted,3569000
QuickSortGPT,Float,10000,FirstKSorted,3654209
QuickSortGPT,Float,10000,FirstKSorted,3426833
QuickSortGPT,Float,10000,FirstKSorted,3507542
QuickSortGPT,Float,10000,FirstKSorted,3410666
QuickSortGPT,Float,10000,FirstKSorted,3397833
QuickSortGPT,Float,10000,FirstKSorted,3395625
QuickSortGPT,Float,10000,FirstKSorted,3477417
QuickSortGPT,Float,10000,FirstKSorted,3420541
QuickSortGPT,Float,10000,LastKSorted,158763084
QuickSortGPT,Float,10000,LastKSorted,156555208
QuickSortGPT,Float,10000,LastKSorted,156675125
QuickSortGPT,Float,10000,LastKSorted,180318250
QuickSortGPT,Float,10000,LastKSorted,180201500
QuickSortGPT,Float,10000,LastKSorted,181199834
QuickSortGPT,Float,10000,LastKSorted,180091792
QuickSortGPT,Float,10000,LastKSorted,180199458
QuickSortGPT,Float,10000,LastKSorted,180001291
QuickSortGPT,Float,10000,LastKSorted,179932500
QuickSortGPT,Double,100,Random,16708
QuickSortGPT,Double,100,Random,5000
QuickSortGPT,Double,100,Random,4125
QuickSortGPT,Double,100,Random,3792
QuickSortGPT,Double,100,Random,3917
QuickSortGPT,Double,100,Random,3625
QuickSortGPT,Double,100,Random,3541
QuickSortGPT,Double,100,Random,3500
QuickSortGPT,Double,100,Random,3625
QuickSortGPT,Double,100,Random,3833
QuickSortGPT,Double,100,Reversed,24250
QuickSortGPT,Double,100,Reversed,24417
QuickSortGPT,Double,100,Reversed,24625
QuickSortGPT,Double,100,Reversed,24375
QuickSortGPT,Double,100,Reversed,23625
QuickSortGPT,Double,100,Reversed,23167
QuickSortGPT,Double,100,Reversed,24375
QuickSortGPT,Double,100,Reversed,24458
QuickSortGPT,Double,100,Reversed,23875
QuickSortGPT,Double,100,Reversed,23667
QuickSortGPT,Double,100,FirstKSorted,6792
QuickSortGPT,Double,100,FirstKSorted,5666
QuickSortGPT,Double,100,FirstKSorted,5208
QuickSortGPT,Double,100,FirstKSorted,5084
QuickSortGPT,Double,100,FirstKSorted,4917
QuickSortGPT,Double,100,FirstKSorted,4959
QuickSortGPT,Double,100,FirstKSorted,4875
QuickSortGPT,Double,100,FirstKSorted,4959
QuickSortGPT,Double,100,FirstKSorted,4917
QuickSortGPT,Double,100,FirstKSorted,4917
QuickSortGPT,Double,100,LastKSorted,24083
QuickSortGPT,Double,100,LastKSorted,22334
QuickSortGPT,Double,100,LastKSorted,22333
QuickSortGPT,Double,100,LastKSorted,21417
QuickSortGPT,Double,100,LastKSorted,21291
QuickSortGPT,Double,100,LastKSorted,21209
QuickSortGPT,Double,100,LastKSorted,21292
QuickSortGPT,Double,100,LastKSorted,21167
QuickSortGPT,Double,100,LastKSorted,21208
QuickSortGPT,Double,100,LastKSorted,20875
QuickSortGPT,Double,1000,Random,91667
QuickSortGPT,Double,1000,Random,86791
QuickSortGPT,Double,1000,Random,86000
QuickSortGPT,Double,1000,Random,83125
QuickSortGPT,Double,1000,Random,81083
QuickSortGPT,Double,1000,Random,80041
QuickSortGPT,Double,1000,Random,79625
QuickSortGPT,Double,1000,Random,79125
QuickSortGPT,Double,1000,Random,79000
QuickSortGPT,Double,1000,Random,78833
QuickSortGPT,Double,1000,Reversed,2258208
QuickSortGPT,Double,1000,Reversed,2446416
QuickSortGPT,Double,1000,Reversed,2796333
QuickSortGPT,Double,1000,Reversed,2253750
QuickSortGPT,Double,1000,Reversed,2280750
QuickSortGPT,Double,1000,Reversed,2256000
QuickSortGPT,Double,1000,Reversed,2243083
QuickSortGPT,Double,1000,Reversed,2221375
QuickSortGPT,Double,1000,Reversed,2219833
QuickSortGPT,Double,1000,Reversed,2217625
QuickSortGPT,Double,1000,FirstKSorted,120458
QuickSortGPT,Double,1000,FirstKSorted,113625
QuickSortGPT,Double,1000,FirstKSorted,111125
QuickSortGPT,Double,1000,FirstKSorted,109833
QuickSortGPT,Double,1000,FirstKSorted,109000
QuickSortGPT,Double,1000,FirstKSorted,108959
QuickSortGPT,Double,1000,FirstKSorted,108792
QuickSortGPT,Double,1000,FirstKSorted,108666
QuickSortGPT,Double,1000,FirstKSorted,108750
QuickSortGPT,Double,1000,FirstKSorted,108583
QuickSortGPT,Double,1000,LastKSorted,2009875
QuickSortGPT,Double,1000,LastKSorted,2205000
QuickSortGPT,Double,1000,LastKSorted,2018250
QuickSortGPT,Double,1000,LastKSorted,1989334
QuickSortGPT,Double,1000,LastKSorted,1983792
QuickSortGPT,Double,1000,LastKSorted,2003666
QuickSortGPT,Double,1000,LastKSorted,1985083
QuickSortGPT,Double,1000,LastKSorted,1981333
QuickSortGPT,Double,1000,LastKSorted,1980750
QuickSortGPT,Double,1000,LastKSorted,2214542
QuickSortGPT,Double,10000,Random,1303583
QuickSortGPT,Double,10000,Random,1247583
QuickSortGPT,Double,10000,Random,1244625
QuickSortGPT,Double,10000,Random,1286000
QuickSortGPT,Double,10000,Random,1346916
QuickSortGPT,Double,10000,Random,1293917
QuickSortGPT,Double,10000,Random,1281166
QuickSortGPT,Double,10000,Random,1280917
QuickSortGPT,Double,10000,Random,1266083
QuickSortGPT,Double,10000,Random,1269000
QuickSortGPT,Double,10000,Reversed,222687375
QuickSortGPT,Double,10000,Reversed,219712583
QuickSortGPT,Double,10000,Reversed,220106416
QuickSortGPT,Double,10000,Reversed,221634959
QuickSortGPT,Double,10000,Reversed,221326625
QuickSortGPT,Double,10000,Reversed,220361292
QuickSortGPT,Double,10000,Reversed,219911875
QuickSortGPT,Double,10000,Reversed,221534958
QuickSortGPT,Double,10000,Reversed,220546791
QuickSortGPT,Double,10000,Reversed,220847167
QuickSortGPT,Double,10000,FirstKSorted,14983000
QuickSortGPT,Double,10000,FirstKSorted,14832083
QuickSortGPT,Double,10000,FirstKSorted,14760000
QuickSortGPT,Double,10000,FirstKSorted,14766708
QuickSortGPT,Double,10000,FirstKSorted,14759375
QuickSortGPT,Double,10000,FirstKSorted,14815916
QuickSortGPT,Double,10000,FirstKSorted,14835333
QuickSortGPT,Double,10000,FirstKSorted,14853834
QuickSortGPT,Double,10000,FirstKSorted,14795000
QuickSortGPT,Double,10000,FirstKSorted,14783167
QuickSortGPT,Double,10000,LastKSorted,193833584
QuickSortGPT,Double,10000,LastKSorted,192547000
QuickSortGPT,Double,10000,LastKSorted,192818958
QuickSortGPT,Double,10000,LastKSorted,191753875
QuickSortGPT,Double,10000,LastKSorted,192102708
QuickSortGPT,Double,10000,LastKSorted,207986333
QuickSortGPT,Double,10000,LastKSorted,207863042
QuickSortGPT,Double,10000,LastKSorted,210005042
QuickSortGPT,Double,10000,LastKSorted,212581375
QuickSortGPT,Double,10000,LastKSorted,207471375
SelectionSortGPT,Integer,100,Random,135750
SelectionSortGPT,Integer,100,Random,107916
SelectionSortGPT,Integer,100,Random,115916
SelectionSortGPT,Integer,100,Random,111792
SelectionSortGPT,Integer,100,Random,109167
SelectionSortGPT,Integer,100,Random,106666
SelectionSortGPT,Integer,100,Random,105542
SelectionSortGPT,Integer,100,Random,106125
SelectionSortGPT,Integer,100,Random,106250
SelectionSortGPT,Integer,100,Random,105625
SelectionSortGPT,Integer,100,Reversed,110959
SelectionSortGPT,Integer,100,Reversed,108208
SelectionSortGPT,Integer,100,Reversed,108250
SelectionSortGPT,Integer,100,Reversed,106667
SelectionSortGPT,Integer,100,Reversed,49333
SelectionSortGPT,Integer,100,Reversed,40000
SelectionSortGPT,Integer,100,Reversed,39167
SelectionSortGPT,Integer,100,Reversed,41000
SelectionSortGPT,Integer,100,Reversed,28209
SelectionSortGPT,Integer,100,Reversed,24333
SelectionSortGPT,Integer,100,FirstKSorted,44583
SelectionSortGPT,Integer,100,FirstKSorted,28542
SelectionSortGPT,Integer,100,FirstKSorted,29084
SelectionSortGPT,Integer,100,FirstKSorted,27416
SelectionSortGPT,Integer,100,FirstKSorted,26917
SelectionSortGPT,Integer,100,FirstKSorted,27125
SelectionSortGPT,Integer,100,FirstKSorted,26958
SelectionSortGPT,Integer,100,FirstKSorted,26750
SelectionSortGPT,Integer,100,FirstKSorted,26958
SelectionSortGPT,Integer,100,FirstKSorted,27042
SelectionSortGPT,Integer,100,LastKSorted,29583
SelectionSortGPT,Integer,100,LastKSorted,28667
SelectionSortGPT,Integer,100,LastKSorted,28000
SelectionSortGPT,Integer,100,LastKSorted,27000
SelectionSortGPT,Integer,100,LastKSorted,26958
SelectionSortGPT,Integer,100,LastKSorted,27000
SelectionSortGPT,Integer,100,LastKSorted,27083
SelectionSortGPT,Integer,100,LastKSorted,26917
SelectionSortGPT,Integer,100,LastKSorted,27166
SelectionSortGPT,Integer,100,LastKSorted,26833
SelectionSortGPT,Integer,1000,Random,2413209
SelectionSortGPT,Integer,1000,Random,4271708
SelectionSortGPT,Integer,1000,Random,2411708
SelectionSortGPT,Integer,1000,Random,2446792
SelectionSortGPT,Integer,1000,Random,2432208
SelectionSortGPT,Integer,1000,Random,2591042
SelectionSortGPT,Integer,1000,Random,2409041
SelectionSortGPT,Integer,1000,Random,2406542
SelectionSortGPT,Integer,1000,Random,2416209
SelectionSortGPT,Integer,1000,Random,6561041
SelectionSortGPT,Integer,1000,Reversed,616500
SelectionSortGPT,Integer,1000,Reversed,591792
SelectionSortGPT,Integer,1000,Reversed,592250
SelectionSortGPT,Integer,1000,Reversed,582917
SelectionSortGPT,Integer,1000,Reversed,582500
SelectionSortGPT,Integer,1000,Reversed,580291
SelectionSortGPT,Integer,1000,Reversed,579375
SelectionSortGPT,Integer,1000,Reversed,580583
SelectionSortGPT,Integer,1000,Reversed,612792
SelectionSortGPT,Integer,1000,Reversed,584875
SelectionSortGPT,Integer,1000,FirstKSorted,620959
SelectionSortGPT,Integer,1000,FirstKSorted,614167
SelectionSortGPT,Integer,1000,FirstKSorted,612833
SelectionSortGPT,Integer,1000,FirstKSorted,611000
SelectionSortGPT,Integer,1000,FirstKSorted,610958
SelectionSortGPT,Integer,1000,FirstKSorted,612708
SelectionSortGPT,Integer,1000,FirstKSorted,610167
SelectionSortGPT,Integer,1000,FirstKSorted,610625
SelectionSortGPT,Integer,1000,FirstKSorted,622833
SelectionSortGPT,Integer,1000,FirstKSorted,612542
SelectionSortGPT,Integer,1000,LastKSorted,673333
SelectionSortGPT,Integer,1000,LastKSorted,587709
SelectionSortGPT,Integer,1000,LastKSorted,590125
SelectionSortGPT,Integer,1000,LastKSorted,583375
SelectionSortGPT,Integer,1000,LastKSorted,580667
SelectionSortGPT,Integer,1000,LastKSorted,580334
SelectionSortGPT,Integer,1000,LastKSorted,590125
SelectionSortGPT,Integer,1000,LastKSorted,591834
SelectionSortGPT,Integer,1000,LastKSorted,591334
SelectionSortGPT,Integer,1000,LastKSorted,750625
SelectionSortGPT,Integer,10000,Random,55507042
SelectionSortGPT,Integer,10000,Random,55254333
SelectionSortGPT,Integer,10000,Random,55257875
SelectionSortGPT,Integer,10000,Random,55185834
SelectionSortGPT,Integer,10000,Random,55190333
SelectionSortGPT,Integer,10000,Random,55132292
SelectionSortGPT,Integer,10000,Random,55261208
SelectionSortGPT,Integer,10000,Random,55412625
SelectionSortGPT,Integer,10000,Random,55545084
SelectionSortGPT,Integer,10000,Random,55353208
SelectionSortGPT,Integer,10000,Reversed,54752041
SelectionSortGPT,Integer,10000,Reversed,54268708
SelectionSortGPT,Integer,10000,Reversed,53763500
SelectionSortGPT,Integer,10000,Reversed,53786209
SelectionSortGPT,Integer,10000,Reversed,54079459
SelectionSortGPT,Integer,10000,Reversed,54044792
SelectionSortGPT,Integer,10000,Reversed,53622416
SelectionSortGPT,Integer,10000,Reversed,54168125
SelectionSortGPT,Integer,10000,Reversed,54109084
SelectionSortGPT,Integer,10000,Reversed,53787959
SelectionSortGPT,Integer,10000,FirstKSorted,55498916
SelectionSortGPT,Integer,10000,FirstKSorted,54857541
SelectionSortGPT,Integer,10000,FirstKSorted,54796750
SelectionSortGPT,Integer,10000,FirstKSorted,54864833
SelectionSortGPT,Integer,10000,FirstKSorted,54816291
SelectionSortGPT,Integer,10000,FirstKSorted,55352833
SelectionSortGPT,Integer,10000,FirstKSorted,56298208
SelectionSortGPT,Integer,10000,FirstKSorted,55278375
SelectionSortGPT,Integer,10000,FirstKSorted,54777625
SelectionSortGPT,Integer,10000,FirstKSorted,55041958
SelectionSortGPT,Integer,10000,LastKSorted,55695750
SelectionSortGPT,Integer,10000,LastKSorted,55711000
SelectionSortGPT,Integer,10000,LastKSorted,55466000
SelectionSortGPT,Integer,10000,LastKSorted,55178750
SelectionSortGPT,Integer,10000,LastKSorted,55184417
SelectionSortGPT,Integer,10000,LastKSorted,55096750
SelectionSortGPT,Integer,10000,LastKSorted,55036500
SelectionSortGPT,Integer,10000,LastKSorted,55084709
SelectionSortGPT,Integer,10000,LastKSorted,55239667
SelectionSortGPT,Integer,10000,LastKSorted,55351542
SelectionSortGPT,Long,100,Random,146208
SelectionSortGPT,Long,100,Random,151250
SelectionSortGPT,Long,100,Random,110167
SelectionSortGPT,Long,100,Random,112000
SelectionSortGPT,Long,100,Random,110375
SelectionSortGPT,Long,100,Random,108083
SelectionSortGPT,Long,100,Random,108583
SelectionSortGPT,Long,100,Random,108209
SelectionSortGPT,Long,100,Random,108167
SelectionSortGPT,Long,100,Random,108000
SelectionSortGPT,Long,100,Reversed,113333
SelectionSortGPT,Long,100,Reversed,107000
SelectionSortGPT,Long,100,Reversed,106333
SelectionSortGPT,Long,100,Reversed,106541
SelectionSortGPT,Long,100,Reversed,106250
SelectionSortGPT,Long,100,Reversed,106333
SelectionSortGPT,Long,100,Reversed,106291
SelectionSortGPT,Long,100,Reversed,106625
SelectionSortGPT,Long,100,Reversed,106333
SelectionSortGPT,Long,100,Reversed,106459
SelectionSortGPT,Long,100,FirstKSorted,113292
SelectionSortGPT,Long,100,FirstKSorted,108750
SelectionSortGPT,Long,100,FirstKSorted,108625
SelectionSortGPT,Long,100,FirstKSorted,108583
SelectionSortGPT,Long,100,FirstKSorted,108708
SelectionSortGPT,Long,100,FirstKSorted,108625
SelectionSortGPT,Long,100,FirstKSorted,108625
SelectionSortGPT,Long,100,FirstKSorted,108500
SelectionSortGPT,Long,100,FirstKSorted,109000
SelectionSortGPT,Long,100,FirstKSorted,108667
SelectionSortGPT,Long,100,LastKSorted,112750
SelectionSortGPT,Long,100,LastKSorted,108542
SelectionSortGPT,Long,100,LastKSorted,108417
SelectionSortGPT,Long,100,LastKSorted,108292
SelectionSortGPT,Long,100,LastKSorted,109000
SelectionSortGPT,Long,100,LastKSorted,109209
SelectionSortGPT,Long,100,LastKSorted,108459
SelectionSortGPT,Long,100,LastKSorted,108375
SelectionSortGPT,Long,100,LastKSorted,108667
SelectionSortGPT,Long,100,LastKSorted,108541
SelectionSortGPT,Long,1000,Random,2491583
SelectionSortGPT,Long,1000,Random,727791
SelectionSortGPT,Long,1000,Random,724000
SelectionSortGPT,Long,1000,Random,722875
SelectionSortGPT,Long,1000,Random,723292
SelectionSortGPT,Long,1000,Random,725333
SelectionSortGPT,Long,1000,Random,700875
SelectionSortGPT,Long,1000,Random,692875
SelectionSortGPT,Long,1000,Random,692250
SelectionSortGPT,Long,1000,Random,716167
SelectionSortGPT,Long,1000,Reversed,770917
SelectionSortGPT,Long,1000,Reversed,787292
SelectionSortGPT,Long,1000,Reversed,768792
SelectionSortGPT,Long,1000,Reversed,740667
SelectionSortGPT,Long,1000,Reversed,734292
SelectionSortGPT,Long,1000,Reversed,734209
SelectionSortGPT,Long,1000,Reversed,734250
SelectionSortGPT,Long,1000,Reversed,734084
SelectionSortGPT,Long,1000,Reversed,778875
SelectionSortGPT,Long,1000,Reversed,734667
SelectionSortGPT,Long,1000,FirstKSorted,702750
SelectionSortGPT,Long,1000,FirstKSorted,689209
SelectionSortGPT,Long,1000,FirstKSorted,689292
SelectionSortGPT,Long,1000,FirstKSorted,685625
SelectionSortGPT,Long,1000,FirstKSorted,685208
SelectionSortGPT,Long,1000,FirstKSorted,685417
SelectionSortGPT,Long,1000,FirstKSorted,696416
SelectionSortGPT,Long,1000,FirstKSorted,686125
SelectionSortGPT,Long,1000,FirstKSorted,685459
SelectionSortGPT,Long,1000,FirstKSorted,708042
SelectionSortGPT,Long,1000,LastKSorted,707125
SelectionSortGPT,Long,1000,LastKSorted,690625
SelectionSortGPT,Long,1000,LastKSorted,737333
SelectionSortGPT,Long,1000,LastKSorted,726500
SelectionSortGPT,Long,1000,LastKSorted,825292
SelectionSortGPT,Long,1000,LastKSorted,721833
SelectionSortGPT,Long,1000,LastKSorted,786708
SelectionSortGPT,Long,1000,LastKSorted,706458
SelectionSortGPT,Long,1000,LastKSorted,708792
SelectionSortGPT,Long,1000,LastKSorted,706959
SelectionSortGPT,Long,10000,Random,66927000
SelectionSortGPT,Long,10000,Random,66139750
SelectionSortGPT,Long,10000,Random,66011084
SelectionSortGPT,Long,10000,Random,66191833
SelectionSortGPT,Long,10000,Random,66112166
SelectionSortGPT,Long,10000,Random,66198291
SelectionSortGPT,Long,10000,Random,66170875
SelectionSortGPT,Long,10000,Random,66194166
SelectionSortGPT,Long,10000,Random,66293959
SelectionSortGPT,Long,10000,Random,66101375
SelectionSortGPT,Long,10000,Reversed,72974334
SelectionSortGPT,Long,10000,Reversed,72381375
SelectionSortGPT,Long,10000,Reversed,72407208
SelectionSortGPT,Long,10000,Reversed,72457041
SelectionSortGPT,Long,10000,Reversed,72385250
SelectionSortGPT,Long,10000,Reversed,72410500
SelectionSortGPT,Long,10000,Reversed,72400750
SelectionSortGPT,Long,10000,Reversed,72587917
SelectionSortGPT,Long,10000,Reversed,72568750
SelectionSortGPT,Long,10000,Reversed,72442917
SelectionSortGPT,Long,10000,FirstKSorted,66037958
SelectionSortGPT,Long,10000,FirstKSorted,65420500
SelectionSortGPT,Long,10000,FirstKSorted,65780334
SelectionSortGPT,Long,10000,FirstKSorted,65437083
SelectionSortGPT,Long,10000,FirstKSorted,65347834
SelectionSortGPT,Long,10000,FirstKSorted,65427792
SelectionSortGPT,Long,10000,FirstKSorted,65312666
SelectionSortGPT,Long,10000,FirstKSorted,65554459
SelectionSortGPT,Long,10000,FirstKSorted,65524292
SelectionSortGPT,Long,10000,FirstKSorted,65596833
SelectionSortGPT,Long,10000,LastKSorted,66256375
SelectionSortGPT,Long,10000,LastKSorted,65839875
SelectionSortGPT,Long,10000,LastKSorted,65717667
SelectionSortGPT,Long,10000,LastKSorted,65864250
SelectionSortGPT,Long,10000,LastKSorted,65955708
SelectionSortGPT,Long,10000,LastKSorted,67003750
SelectionSortGPT,Long,10000,LastKSorted,65800500
SelectionSortGPT,Long,10000,LastKSorted,66003667
SelectionSortGPT,Long,10000,LastKSorted,66192583
SelectionSortGPT,Long,10000,LastKSorted,65850584
SelectionSortGPT,Float,100,Random,173708
SelectionSortGPT,Float,100,Random,119333
SelectionSortGPT,Float,100,Random,109583
SelectionSortGPT,Float,100,Random,78334
SelectionSortGPT,Float,100,Random,37958
SelectionSortGPT,Float,100,Random,36333
SelectionSortGPT,Float,100,Random,37291
SelectionSortGPT,Float,100,Random,38459
SelectionSortGPT,Float,100,Random,39875
SelectionSortGPT,Float,100,Random,38750
SelectionSortGPT,Float,100,Reversed,28458
SelectionSortGPT,Float,100,Reversed,27583
SelectionSortGPT,Float,100,Reversed,27500
SelectionSortGPT,Float,100,Reversed,26500
SelectionSortGPT,Float,100,Reversed,26875
SelectionSortGPT,Float,100,Reversed,26709
SelectionSortGPT,Float,100,Reversed,26625
SelectionSortGPT,Float,100,Reversed,26750
SelectionSortGPT,Float,100,Reversed,26542
SelectionSortGPT,Float,100,Reversed,26750
SelectionSortGPT,Float,100,FirstKSorted,31458
SelectionSortGPT,Float,100,FirstKSorted,30709
SelectionSortGPT,Float,100,FirstKSorted,30292
SelectionSortGPT,Float,100,FirstKSorted,29500
SelectionSortGPT,Float,100,FirstKSorted,29500
SelectionSortGPT,Float,100,FirstKSorted,29666
SelectionSortGPT,Float,100,FirstKSorted,29333
SelectionSortGPT,Float,100,FirstKSorted,29792
SelectionSortGPT,Float,100,FirstKSorted,29458
SelectionSortGPT,Float,100,FirstKSorted,29417
SelectionSortGPT,Float,100,LastKSorted,29625
SelectionSortGPT,Float,100,LastKSorted,29083
SelectionSortGPT,Float,100,LastKSorted,28791
SelectionSortGPT,Float,100,LastKSorted,28166
SelectionSortGPT,Float,100,LastKSorted,27791
SelectionSortGPT,Float,100,LastKSorted,28083
SelectionSortGPT,Float,100,LastKSorted,27958
SelectionSortGPT,Float,100,LastKSorted,27750
SelectionSortGPT,Float,100,LastKSorted,27875
SelectionSortGPT,Float,100,LastKSorted,27792
SelectionSortGPT,Float,1000,Random,2635583
SelectionSortGPT,Float,1000,Random,1771791
SelectionSortGPT,Float,1000,Random,1674458
SelectionSortGPT,Float,1000,Random,1506959
SelectionSortGPT,Float,1000,Random,1499417
SelectionSortGPT,Float,1000,Random,1511167
SelectionSortGPT,Float,1000,Random,1496208
SelectionSortGPT,Float,1000,Random,1496667
SelectionSortGPT,Float,1000,Random,1495875
SelectionSortGPT,Float,1000,Random,1500292
SelectionSortGPT,Float,1000,Reversed,1428375
SelectionSortGPT,Float,1000,Reversed,1414750
SelectionSortGPT,Float,1000,Reversed,1468083
SelectionSortGPT,Float,1000,Reversed,1593500
SelectionSortGPT,Float,1000,Reversed,1437584
SelectionSortGPT,Float,1000,Reversed,1425792
SelectionSortGPT,Float,1000,Reversed,1417584
SelectionSortGPT,Float,1000,Reversed,1415041
SelectionSortGPT,Float,1000,Reversed,1427792
SelectionSortGPT,Float,1000,Reversed,1414875
SelectionSortGPT,Float,1000,FirstKSorted,1501542
SelectionSortGPT,Float,1000,FirstKSorted,1491208
SelectionSortGPT,Float,1000,FirstKSorted,1491250
SelectionSortGPT,Float,1000,FirstKSorted,1528541
SelectionSortGPT,Float,1000,FirstKSorted,1766250
SelectionSortGPT,Float,1000,FirstKSorted,1497125
SelectionSortGPT,Float,1000,FirstKSorted,1490917
SelectionSortGPT,Float,1000,FirstKSorted,1493416
SelectionSortGPT,Float,1000,FirstKSorted,1501834
SelectionSortGPT,Float,1000,FirstKSorted,1489500
SelectionSortGPT,Float,1000,LastKSorted,1473375
SelectionSortGPT,Float,1000,LastKSorted,1465417
SelectionSortGPT,Float,1000,LastKSorted,1463500
SelectionSortGPT,Float,1000,LastKSorted,1463125
SelectionSortGPT,Float,1000,LastKSorted,1539709
SelectionSortGPT,Float,1000,LastKSorted,1559292
SelectionSortGPT,Float,1000,LastKSorted,1479000
SelectionSortGPT,Float,1000,LastKSorted,1467000
SelectionSortGPT,Float,1000,LastKSorted,1482958
SelectionSortGPT,Float,1000,LastKSorted,1463958
SelectionSortGPT,Float,10000,Random,144761250
SelectionSortGPT,Float,10000,Random,144499250
SelectionSortGPT,Float,10000,Random,144389125
SelectionSortGPT,Float,10000,Random,144639541
SelectionSortGPT,Float,10000,Random,144668375
SelectionSortGPT,Float,10000,Random,145042833
SelectionSortGPT,Float,10000,Random,144914042
SelectionSortGPT,Float,10000,Random,144695917
SelectionSortGPT,Float,10000,Random,144666666
SelectionSortGPT,Float,10000,Random,144429708
SelectionSortGPT,Float,10000,Reversed,141237167
SelectionSortGPT,Float,10000,Reversed,141100625
SelectionSortGPT,Float,10000,Reversed,140871375
SelectionSortGPT,Float,10000,Reversed,140813709
SelectionSortGPT,Float,10000,Reversed,140857333
SelectionSortGPT,Float,10000,Reversed,140922541
SelectionSortGPT,Float,10000,Reversed,140814292
SelectionSortGPT,Float,10000,Reversed,140802041
SelectionSortGPT,Float,10000,Reversed,140819375
SelectionSortGPT,Float,10000,Reversed,141388542
SelectionSortGPT,Float,10000,FirstKSorted,144880917
SelectionSortGPT,Float,10000,FirstKSorted,144270000
SelectionSortGPT,Float,10000,FirstKSorted,144289917
SelectionSortGPT,Float,10000,FirstKSorted,144519708
SelectionSortGPT,Float,10000,FirstKSorted,145789834
SelectionSortGPT,Float,10000,FirstKSorted,145377791
SelectionSortGPT,Float,10000,FirstKSorted,148209000
SelectionSortGPT,Float,10000,FirstKSorted,145661542
SelectionSortGPT,Float,10000,FirstKSorted,144666958
SelectionSortGPT,Float,10000,FirstKSorted,144442583
SelectionSortGPT,Float,10000,LastKSorted,144651125
SelectionSortGPT,Float,10000,LastKSorted,150072834
SelectionSortGPT,Float,10000,LastKSorted,146478875
SelectionSortGPT,Float,10000,LastKSorted,145083375
SelectionSortGPT,Float,10000,LastKSorted,144732250
SelectionSortGPT,Float,10000,LastKSorted,144408375
SelectionSortGPT,Float,10000,LastKSorted,144289209
SelectionSortGPT,Float,10000,LastKSorted,144259208
SelectionSortGPT,Float,10000,LastKSorted,144223084
SelectionSortGPT,Float,10000,LastKSorted,144757042
SelectionSortGPT,Double,100,Random,34709
SelectionSortGPT,Double,100,Random,22125
SelectionSortGPT,Double,100,Random,23417
SelectionSortGPT,Double,100,Random,22875
SelectionSortGPT,Double,100,Random,22583
SelectionSortGPT,Double,100,Random,21833
SelectionSortGPT,Double,100,Random,22042
SelectionSortGPT,Double,100,Random,21500
SelectionSortGPT,Double,100,Random,21541
SelectionSortGPT,Double,100,Random,21625
SelectionSortGPT,Double,100,Reversed,20834
SelectionSortGPT,Double,100,Reversed,20875
SelectionSortGPT,Double,100,Reversed,21125
SelectionSortGPT,Double,100,Reversed,20709
SelectionSortGPT,Double,100,Reversed,21167
SelectionSortGPT,Double,100,Reversed,19750
SelectionSortGPT,Double,100,Reversed,19667
SelectionSortGPT,Double,100,Reversed,19750
SelectionSortGPT,Double,100,Reversed,19667
SelectionSortGPT,Double,100,Reversed,19875
SelectionSortGPT,Double,100,FirstKSorted,23333
SelectionSortGPT,Double,100,FirstKSorted,23542
SelectionSortGPT,Double,100,FirstKSorted,23666
SelectionSortGPT,Double,100,FirstKSorted,23291
SelectionSortGPT,Double,100,FirstKSorted,23000
SelectionSortGPT,Double,100,FirstKSorted,22666
SelectionSortGPT,Double,100,FirstKSorted,22375
SelectionSortGPT,Double,100,FirstKSorted,22166
SelectionSortGPT,Double,100,FirstKSorted,22125
SelectionSortGPT,Double,100,FirstKSorted,22084
SelectionSortGPT,Double,100,LastKSorted,20167
SelectionSortGPT,Double,100,LastKSorted,20833
SelectionSortGPT,Double,100,LastKSorted,22292
SelectionSortGPT,Double,100,LastKSorted,20709
SelectionSortGPT,Double,100,LastKSorted,20792
SelectionSortGPT,Double,100,LastKSorted,19708
SelectionSortGPT,Double,100,LastKSorted,19708
SelectionSortGPT,Double,100,LastKSorted,19666
SelectionSortGPT,Double,100,LastKSorted,19750
SelectionSortGPT,Double,100,LastKSorted,19625
SelectionSortGPT,Double,1000,Random,1869625
SelectionSortGPT,Double,1000,Random,1857542
SelectionSortGPT,Double,1000,Random,2040291
SelectionSortGPT,Double,1000,Random,2158459
SelectionSortGPT,Double,1000,Random,2468083
SelectionSortGPT,Double,1000,Random,2562917
SelectionSortGPT,Double,1000,Random,1858250
SelectionSortGPT,Double,1000,Random,1861125
SelectionSortGPT,Double,1000,Random,1859375
SelectionSortGPT,Double,1000,Random,1854917
SelectionSortGPT,Double,1000,Reversed,1863250
SelectionSortGPT,Double,1000,Reversed,1839250
SelectionSortGPT,Double,1000,Reversed,1861417
SelectionSortGPT,Double,1000,Reversed,2024833
SelectionSortGPT,Double,1000,Reversed,1864750
SelectionSortGPT,Double,1000,Reversed,1845709
SelectionSortGPT,Double,1000,Reversed,1852000
SelectionSortGPT,Double,1000,Reversed,1838375
SelectionSortGPT,Double,1000,Reversed,1840042
SelectionSortGPT,Double,1000,Reversed,1838084
SelectionSortGPT,Double,1000,FirstKSorted,1862625
SelectionSortGPT,Double,1000,FirstKSorted,1852125
SelectionSortGPT,Double,1000,FirstKSorted,1978000
SelectionSortGPT,Double,1000,FirstKSorted,1883167
SelectionSortGPT,Double,1000,FirstKSorted,1862500
SelectionSortGPT,Double,1000,FirstKSorted,1854542
SelectionSortGPT,Double,1000,FirstKSorted,1864625
SelectionSortGPT,Double,1000,FirstKSorted,1853875
SelectionSortGPT,Double,1000,FirstKSorted,1855458
SelectionSortGPT,Double,1000,FirstKSorted,1854084
SelectionSortGPT,Double,1000,LastKSorted,1825500
SelectionSortGPT,Double,1000,LastKSorted,2032583
SelectionSortGPT,Double,1000,LastKSorted,1852125
SelectionSortGPT,Double,1000,LastKSorted,1839542
SelectionSortGPT,Double,1000,LastKSorted,1818250
SelectionSortGPT,Double,1000,LastKSorted,1817750
SelectionSortGPT,Double,1000,LastKSorted,1863250
SelectionSortGPT,Double,1000,LastKSorted,1834250
SelectionSortGPT,Double,1000,LastKSorted,1827792
SelectionSortGPT,Double,1000,LastKSorted,1819708
SelectionSortGPT,Double,10000,Random,190789209
SelectionSortGPT,Double,10000,Random,190507084
SelectionSortGPT,Double,10000,Random,192052458
SelectionSortGPT,Double,10000,Random,190584167
SelectionSortGPT,Double,10000,Random,189070041
SelectionSortGPT,Double,10000,Random,190042000
SelectionSortGPT,Double,10000,Random,192431542
SelectionSortGPT,Double,10000,Random,188619958
SelectionSortGPT,Double,10000,Random,188189667
SelectionSortGPT,Double,10000,Random,186935750
SelectionSortGPT,Double,10000,Reversed,185832041
SelectionSortGPT,Double,10000,Reversed,185621667
SelectionSortGPT,Double,10000,Reversed,186269791
SelectionSortGPT,Double,10000,Reversed,184116917
SelectionSortGPT,Double,10000,Reversed,185229958
SelectionSortGPT,Double,10000,Reversed,186002250
SelectionSortGPT,Double,10000,Reversed,184659667
SelectionSortGPT,Double,10000,Reversed,185019791
SelectionSortGPT,Double,10000,Reversed,185678208
SelectionSortGPT,Double,10000,Reversed,186593584
SelectionSortGPT,Double,10000,FirstKSorted,185477459
SelectionSortGPT,Double,10000,FirstKSorted,185019417
SelectionSortGPT,Double,10000,FirstKSorted,184869417
SelectionSortGPT,Double,10000,FirstKSorted,183289166
SelectionSortGPT,Double,10000,FirstKSorted,183759250
SelectionSortGPT,Double,10000,FirstKSorted,184440250
SelectionSortGPT,Double,10000,FirstKSorted,185224125
SelectionSortGPT,Double,10000,FirstKSorted,182912959
SelectionSortGPT,Double,10000,FirstKSorted,183271791
SelectionSortGPT,Double,10000,FirstKSorted,184123375
SelectionSortGPT,Double,10000,LastKSorted,183157209
SelectionSortGPT,Double,10000,LastKSorted,182200416
SelectionSortGPT,Double,10000,LastKSorted,182260708
SelectionSortGPT,Double,10000,LastKSorted,183009333
SelectionSortGPT,Double,10000,LastKSorted,182225000
SelectionSortGPT,Double,10000,LastKSorted,182785500
SelectionSortGPT,Double,10000,LastKSorted,183403375
SelectionSortGPT,Double,10000,LastKSorted,183927292
SelectionSortGPT,Double,10000,LastKSorted,182181041
SelectionSortGPT,Double,10000,LastKSorted,182262125
